Draw Date,Multiplier,Winning Numbers,Winning Number 1,Winning Number 2,Winning Number 3,Winning Number 4,Winning Number 5,Winning Number 6
4/20/2024,3,04 35 41 44 58 25,4,35,41,44,58,25
4/17/2024,2,24 29 44 47 54 02,24,29,44,47,54,2
4/15/2024,3,07 16 41 56 61 23,7,16,41,56,61,23
4/13/2024,5,07 33 40 43 69 10,7,33,40,43,69,10
4/10/2024,2,06 07 12 24 36 15,6,7,12,24,36,15
4/8/2024,2,06 21 23 39 54 23,6,21,23,39,54,23
4/6/2024,3,22 27 44 52 69 09,22,27,44,52,69,9
4/3/2024,3,11 38 41 62 65 15,11,38,41,62,65,15
4/1/2024,2,19 24 40 42 56 23,19,24,40,42,56,23
3/30/2024,3,12 13 33 50 52 23,12,13,33,50,52,23
3/27/2024,2,37 46 57 60 66 08,37,46,57,60,66,8
3/25/2024,2,07 11 19 53 68 23,7,11,19,53,68,23
3/23/2024,2,06 23 25 34 51 03,6,23,25,34,51,3
3/20/2024,2,13 22 27 54 66 09,13,22,27,54,66,9
3/18/2024,3,10 17 20 39 44 16,10,17,20,39,44,16
3/16/2024,2,12 23 44 57 61 05,12,23,44,57,61,5
3/13/2024,2,21 29 54 59 62 04,21,29,54,59,62,4
3/11/2024,5,01 03 07 16 66 05,1,3,7,16,66,5
3/9/2024,5,30 36 49 52 63 16,30,36,49,52,63,16
3/6/2024,2,06 19 28 44 60 10,6,19,28,44,60,10
3/4/2024,2,36 42 50 52 67 26,36,42,50,52,67,26
3/2/2024,2,03 18 27 36 53 12,3,18,27,36,53,12
2/28/2024,2,16 26 29 38 50 06,16,26,29,38,50,6
2/26/2024,3,24 29 42 51 54 16,24,29,42,51,54,16
2/24/2024,3,03 08 40 53 58 03,3,8,40,53,58,3
2/21/2024,2,04 27 33 41 42 14,4,27,33,41,42,14
2/19/2024,3,04 23 45 50 53 17,4,23,45,50,53,17
2/17/2024,3,06 28 59 62 69 21,6,28,59,62,69,21
2/14/2024,2,01 04 45 47 67 18,1,4,45,47,67,18
2/12/2024,2,17 36 43 53 67 14,17,36,43,53,67,14
2/10/2024,2,27 28 34 37 44 08,27,28,34,37,44,8
2/7/2024,3,12 21 62 67 69 17,12,21,62,67,69,17
2/5/2024,5,01 02 27 30 67 09,1,2,27,30,67,9
2/3/2024,3,09 11 27 59 66 19,9,11,27,59,66,19
1/31/2024,2,15 18 19 41 43 14,15,18,19,41,43,14
1/29/2024,2,39 41 43 49 64 04,39,41,43,49,64,4
1/27/2024,2,07 38 65 66 68 21,7,38,65,66,68,21
1/24/2024,4,01 05 32 50 64 08,1,5,32,50,64,8
1/22/2024,2,24 25 43 52 63 21,24,25,43,52,63,21
1/20/2024,3,16 31 34 47 65 10,16,31,34,47,65,10
1/17/2024,4,18 22 43 61 65 02,18,22,43,61,65,2
1/15/2024,3,13 30 35 49 59 04,13,30,35,49,59,4
1/13/2024,2,13 31 33 51 58 15,13,31,33,51,58,15
1/10/2024,2,25 40 43 48 50 11,25,40,43,48,50,11
1/8/2024,3,07 17 28 40 45 02,7,17,28,40,45,2
1/6/2024,2,04 31 34 38 61 13,4,31,34,38,61,13
1/3/2024,10,30 31 38 48 68 08,30,31,38,48,68,8
1/1/2024,3,12 21 42 44 49 01,12,21,42,44,49,1
12/30/2023,4,10 11 26 27 34 07,10,11,26,27,34,7
12/27/2023,3,04 11 38 51 68 05,4,11,38,51,68,5
12/25/2023,2,05 12 20 24 29 04,5,12,20,24,29,4
12/23/2023,3,09 14 17 18 53 06,9,14,17,18,53,6
12/20/2023,2,27 35 41 56 60 16,27,35,41,56,60,16
12/18/2023,3,05 08 19 34 39 26,5,8,19,34,39,26
12/16/2023,3,03 09 10 20 62 25,3,9,10,20,62,25
12/13/2023,2,03 08 41 56 64 18,3,8,41,56,64,18
12/11/2023,3,01 24 27 31 62 20,1,24,27,31,62,20
12/9/2023,2,05 25 26 40 60 01,5,25,26,40,60,1
12/6/2023,3,02 12 37 56 65 21,2,12,37,56,65,21
12/4/2023,3,18 19 27 28 45 09,18,19,27,28,45,9
12/2/2023,2,28 35 41 47 60 03,28,35,41,47,60,3
11/29/2023,2,06 47 50 61 68 04,6,47,50,61,68,4
11/27/2023,2,02 21 38 61 66 12,2,21,38,61,66,12
11/25/2023,2,27 33 63 66 68 09,27,33,63,66,68,9
11/22/2023,2,20 24 33 39 42 21,20,24,33,39,42,21
11/20/2023,2,19 26 30 39 63 13,19,26,30,39,63,13
11/18/2023,2,34 50 51 61 67 20,34,50,51,61,67,20
11/15/2023,3,03 04 51 53 60 06,3,4,51,53,60,6
11/13/2023,2,24 33 35 37 42 21,24,33,35,37,42,21
11/11/2023,4,01 12 14 24 57 07,1,12,14,24,57,7
11/8/2023,2,14 21 33 39 62 20,14,21,33,39,62,20
11/6/2023,2,12 25 40 59 61 26,12,25,40,59,61,26
11/4/2023,2,01 28 30 34 52 06,1,28,30,34,52,6
11/1/2023,3,22 26 39 47 63 12,22,26,39,47,63,12
10/30/2023,3,19 22 34 66 69 05,19,22,34,66,69,5
10/28/2023,2,14 24 50 59 64 02,14,24,50,59,64,2
10/25/2023,2,25 27 41 53 68 02,25,27,41,53,68,2
10/23/2023,5,18 21 25 46 64 21,18,21,25,46,64,21
10/21/2023,2,06 15 24 67 68 11,6,15,24,67,68,11
10/18/2023,2,01 04 13 35 58 24,1,4,13,35,58,24
10/16/2023,3,02 27 31 44 64 18,2,27,31,44,64,18
10/14/2023,2,14 16 42 48 64 14,14,16,42,48,64,14
10/11/2023,2,22 24 40 52 64 10,22,24,40,52,64,10
10/9/2023,3,16 34 46 55 67 14,16,34,46,55,67,14
10/7/2023,3,47 54 57 60 65 19,47,54,57,60,65,19
10/4/2023,2,09 35 54 63 64 01,9,35,54,63,64,1
10/2/2023,2,12 26 27 43 47 05,12,26,27,43,47,5
9/30/2023,2,19 30 37 44 46 22,19,30,37,44,46,22
9/27/2023,3,01 07 46 47 63 07,1,7,46,47,63,7
9/25/2023,2,10 12 22 36 50 04,10,12,22,36,50,4
9/23/2023,2,01 12 20 33 66 21,1,12,20,33,66,21
9/20/2023,3,16 27 59 62 63 23,16,27,59,62,63,23
9/18/2023,3,02 21 26 40 42 09,2,21,26,40,42,9
9/16/2023,2,08 11 19 24 46 05,8,11,19,24,46,5
9/13/2023,3,22 30 37 44 45 18,22,30,37,44,45,18
9/11/2023,2,09 25 27 53 66 05,9,25,27,53,66,5
9/9/2023,2,11 19 29 63 68 25,11,19,29,63,68,25
9/6/2023,3,09 14 20 23 63 01,9,14,20,23,63,1
9/4/2023,3,01 26 32 46 51 13,1,26,32,46,51,13
9/2/2023,4,25 38 42 66 67 19,25,38,42,66,67,19
8/30/2023,2,04 13 35 61 69 04,4,13,35,61,69,4
8/28/2023,2,04 06 25 55 68 26,4,6,25,55,68,26
8/26/2023,3,20 22 26 28 63 05,20,22,26,28,63,5
8/23/2023,2,25 30 32 33 55 20,25,30,32,33,55,20
8/21/2023,2,03 04 12 22 28 16,3,4,12,22,28,16
8/19/2023,2,01 25 27 38 62 13,1,25,27,38,62,13
8/16/2023,2,09 11 17 19 55 01,9,11,17,19,55,1
8/14/2023,2,32 34 37 39 47 03,32,34,37,39,47,3
8/12/2023,2,19 21 37 50 65 26,19,21,37,50,65,26
8/9/2023,2,10 15 21 67 69 03,10,15,21,67,69,3
8/7/2023,2,06 13 20 35 54 22,6,13,20,35,54,22
8/5/2023,2,18 42 44 62 65 23,18,42,44,62,65,23
8/2/2023,2,23 24 33 51 64 05,23,24,33,51,64,5
7/31/2023,2,02 11 48 58 65 13,2,11,48,58,65,13
7/29/2023,3,10 25 27 34 38 02,10,25,27,34,38,2
7/26/2023,2,03 16 40 48 60 14,3,16,40,48,60,14
7/24/2023,2,03 04 12 28 49 25,3,4,12,28,49,25
7/22/2023,2,25 27 36 37 63 07,25,27,36,37,63,7
7/19/2023,2,07 10 11 13 24 24,7,10,11,13,24,24
7/17/2023,4,05 08 09 17 41 21,5,8,9,17,41,21
7/15/2023,2,02 09 43 55 57 18,2,9,43,55,57,18
7/12/2023,3,23 35 45 66 67 20,23,35,45,66,67,20
7/10/2023,2,02 24 34 53 58 13,2,24,34,53,58,13
7/8/2023,2,07 23 24 32 43 18,7,23,24,32,43,18
7/5/2023,2,17 24 48 62 68 23,17,24,48,62,68,23
7/3/2023,3,15 26 31 38 61 03,15,26,31,38,61,3
7/1/2023,2,04 17 35 49 61 08,4,17,35,49,61,8
6/28/2023,5,19 25 34 57 68 04,19,25,34,57,68,4
6/26/2023,4,06 28 39 43 54 12,6,28,39,43,54,12
6/24/2023,3,02 38 44 50 62 19,2,38,44,50,62,19
6/21/2023,2,05 11 33 35 63 14,5,11,33,35,63,14
6/19/2023,3,36 39 52 57 69 01,36,39,52,57,69,1
6/17/2023,2,02 12 45 61 64 26,2,12,45,61,64,26
6/14/2023,2,03 20 36 42 64 04,3,20,36,42,64,4
6/12/2023,2,02 03 16 23 68 07,2,3,16,23,68,7
6/10/2023,3,21 32 42 46 50 04,21,32,42,46,50,4
6/7/2023,5,16 21 29 53 66 02,16,21,29,53,66,2
6/5/2023,2,02 31 45 46 49 20,2,31,45,46,49,20
6/3/2023,2,15 45 64 67 68 18,15,45,64,67,68,18
5/31/2023,3,02 04 54 61 62 14,2,4,54,61,62,14
5/29/2023,2,21 33 35 62 64 24,21,33,35,62,64,24
5/27/2023,2,24 38 39 48 56 04,24,38,39,48,56,4
5/24/2023,3,12 21 44 50 58 26,12,21,44,50,58,26
5/22/2023,4,09 38 48 52 68 25,9,38,48,52,68,25
5/20/2023,2,17 23 32 38 63 23,17,23,32,38,63,23
5/17/2023,2,18 34 37 45 51 14,18,34,37,45,51,14
5/15/2023,2,01 26 28 55 58 25,1,26,28,55,58,25
5/13/2023,2,03 15 20 23 46 11,3,15,20,23,46,11
5/10/2023,10,21 24 33 55 69 03,21,24,33,55,69,3
5/8/2023,2,15 20 33 36 43 12,15,20,33,36,43,12
5/6/2023,2,31 39 47 51 53 06,31,39,47,51,53,6
5/3/2023,3,21 26 30 45 47 23,21,26,30,45,47,23
5/1/2023,3,03 38 55 61 66 01,3,38,55,61,66,1
4/29/2023,2,16 53 54 57 65 08,16,53,54,57,65,8
4/26/2023,2,02 15 30 35 49 06,2,15,30,35,49,6
4/24/2023,2,19 21 55 66 68 03,19,21,55,66,68,3
4/22/2023,2,17 36 47 63 68 25,17,36,47,63,68,25
4/19/2023,3,04 11 21 38 64 11,4,11,21,38,64,11
4/17/2023,3,23 25 35 63 64 25,23,25,35,63,64,25
4/15/2023,3,01 33 34 56 59 18,1,33,34,56,59,18
4/12/2023,2,09 36 41 44 59 04,9,36,41,44,59,4
4/10/2023,2,09 10 36 46 52 14,9,10,36,46,52,14
4/8/2023,3,11 22 24 51 60 18,11,22,24,51,60,18
4/5/2023,2,03 05 09 42 52 11,3,5,9,42,52,11
4/3/2023,2,16 30 31 54 68 01,16,30,31,54,68,1
4/1/2023,4,11 19 21 29 52 17,11,19,21,29,52,17
3/29/2023,3,04 09 24 46 66 07,4,9,24,46,66,7
3/27/2023,3,19 26 36 43 58 14,19,26,36,43,58,14
3/25/2023,2,15 17 18 47 57 19,15,17,18,47,57,19
3/22/2023,2,27 28 37 50 57 05,27,28,37,50,57,5
3/20/2023,2,01 27 32 47 67 14,1,27,32,47,67,14
3/18/2023,2,14 20 30 54 69 11,14,20,30,54,69,11
3/15/2023,2,16 18 33 37 50 08,16,18,33,37,50,8
3/13/2023,2,03 10 24 46 63 04,3,10,24,46,63,4
3/11/2023,2,11 20 33 43 58 24,11,20,33,43,58,24
3/8/2023,3,26 27 43 61 69 04,26,27,43,61,69,4
3/6/2023,3,02 13 29 58 69 04,2,13,29,58,69,4
3/4/2023,3,10 16 18 40 66 16,10,16,18,40,66,16
3/1/2023,2,02 09 28 36 53 04,2,9,28,36,53,4
2/27/2023,2,16 28 49 51 55 23,16,28,49,51,55,23
2/25/2023,3,11 24 58 66 67 26,11,24,58,66,67,26
2/22/2023,2,11 19 39 44 65 07,11,19,39,44,65,7
2/20/2023,3,03 17 26 38 54 15,3,17,26,38,54,15
2/18/2023,4,08 21 31 32 37 23,8,21,31,32,37,23
2/15/2023,4,31 32 54 60 63 12,31,32,54,60,63,12
2/13/2023,2,17 26 37 61 65 02,17,26,37,61,65,2
2/11/2023,4,10 23 30 54 65 11,10,23,30,54,65,11
2/8/2023,2,52 58 59 64 66 09,52,58,59,64,66,9
2/6/2023,2,05 11 22 23 69 07,5,11,22,23,69,7
2/4/2023,2,02 08 15 19 58 10,2,8,15,19,58,10
2/1/2023,2,31 43 58 59 66 09,31,43,58,59,66,9
1/30/2023,2,01 04 12 36 49 05,1,4,12,36,49,5
1/28/2023,4,02 18 23 27 47 15,2,18,23,27,47,15
1/25/2023,2,09 17 20 38 40 18,9,17,20,38,40,18
1/23/2023,3,12 31 47 58 60 23,12,31,47,58,60,23
1/21/2023,4,05 14 19 46 64 22,5,14,19,46,64,22
1/18/2023,3,06 15 22 42 47 26,6,15,22,42,47,26
1/16/2023,3,04 14 33 39 61 03,4,14,33,39,61,3
1/14/2023,2,24 26 39 47 57 23,24,26,39,47,57,23
1/11/2023,3,04 08 46 47 48 05,4,8,46,47,48,5
1/9/2023,3,18 43 48 60 69 14,18,43,48,60,69,14
1/7/2023,3,35 36 44 45 67 14,35,36,44,45,67,14
1/4/2023,3,12 32 56 67 68 26,12,32,56,67,68,26
1/2/2023,2,07 09 12 31 62 22,7,9,12,31,62,22
12/31/2022,3,18 37 44 50 64 11,18,37,44,50,64,11
12/28/2022,2,26 32 38 45 56 01,26,32,38,45,56,1
12/26/2022,3,17 41 47 60 61 17,17,41,47,60,61,17
12/24/2022,3,17 37 46 54 67 08,17,37,46,54,67,8
12/21/2022,2,12 15 24 34 59 14,12,15,24,34,59,14
12/19/2022,5,07 37 55 65 67 12,7,37,55,65,67,12
12/17/2022,2,33 56 64 66 68 12,33,56,64,66,68,12
12/14/2022,10,36 51 59 66 68 25,36,51,59,66,68,25
12/12/2022,4,16 31 50 55 61 09,16,31,50,55,61,9
12/10/2022,2,09 23 47 49 68 19,9,23,47,49,68,19
12/7/2022,2,06 28 44 59 61 21,6,28,44,59,61,21
12/5/2022,2,35 45 47 54 55 14,35,45,47,54,55,14
12/3/2022,4,06 13 33 36 37 07,6,13,33,36,37,7
11/30/2022,2,04 19 24 47 66 10,4,19,24,47,66,10
11/28/2022,2,29 30 32 48 50 20,29,30,32,48,50,20
11/26/2022,10,15 30 47 50 51 03,15,30,47,50,51,3
11/23/2022,2,01 02 31 39 66 25,1,2,31,39,66,25
11/21/2022,2,01 06 40 51 67 02,1,6,40,51,67,2
11/19/2022,3,07 28 62 63 64 10,7,28,62,63,64,10
11/16/2022,2,28 34 51 53 56 11,28,34,51,53,56,11
11/14/2022,2,19 35 53 54 67 21,19,35,53,54,67,21
11/12/2022,4,16 20 44 57 58 06,16,20,44,57,58,6
11/9/2022,2,07 14 24 30 56 07,7,14,24,30,56,7
11/5/2022,3,28 45 53 56 69 20,28,45,53,56,69,20
11/2/2022,2,02 11 22 35 60 23,2,11,22,35,60,23
10/31/2022,3,13 19 36 39 59 13,13,19,36,39,59,13
10/29/2022,3,19 31 40 46 57 23,19,31,40,46,57,23
10/26/2022,2,19 36 37 46 56 24,19,36,37,46,56,24
10/24/2022,4,18 23 35 45 54 16,18,23,35,45,54,16
10/22/2022,2,19 25 48 55 60 18,19,25,48,55,60,18
10/19/2022,3,06 08 15 27 42 10,6,8,15,27,42,10
10/17/2022,3,19 30 36 46 60 25,19,30,36,46,60,25
10/15/2022,5,32 37 40 58 62 15,32,37,40,58,62,15
10/12/2022,5,14 30 41 42 59 06,14,30,41,42,59,6
10/10/2022,2,03 06 11 17 22 11,3,6,11,17,22,11
10/8/2022,2,13 43 53 60 68 05,13,43,53,60,68,5
10/5/2022,2,26 30 33 37 62 06,26,30,33,37,62,6
10/3/2022,4,02 16 22 55 63 22,2,16,22,55,63,22
10/1/2022,2,08 21 22 65 69 26,8,21,22,65,69,26
9/28/2022,3,06 10 24 33 67 11,6,10,24,33,67,11
9/26/2022,3,13 20 31 33 59 20,13,20,31,33,59,20
9/24/2022,2,03 09 21 24 29 14,3,9,21,24,29,14
9/21/2022,2,06 33 34 45 54 07,6,33,34,45,54,7
9/19/2022,2,07 15 36 46 67 07,7,15,36,46,67,7
9/17/2022,3,05 25 36 51 61 01,5,25,36,51,61,1
9/14/2022,3,09 10 20 22 52 25,9,10,20,22,52,25
9/12/2022,3,06 14 16 34 66 25,6,14,16,34,66,25
9/10/2022,2,38 42 56 68 69 04,38,42,56,68,69,4
9/7/2022,3,03 16 30 33 36 20,3,16,30,33,36,20
9/5/2022,2,04 07 32 55 64 25,4,7,32,55,64,25
9/3/2022,2,18 27 49 65 69 09,18,27,49,65,69,9
8/31/2022,2,07 08 19 24 28 01,7,8,19,24,28,1
8/29/2022,3,13 36 43 61 69 18,13,36,43,61,69,18
8/27/2022,3,02 18 56 60 65 14,2,18,56,60,65,14
8/24/2022,4,06 24 35 37 44 22,6,24,35,37,44,22
8/22/2022,2,12 27 34 55 67 09,12,27,34,55,67,9
8/20/2022,2,05 09 11 16 66 07,5,9,11,16,66,7
8/17/2022,2,23 28 41 50 55 24,23,28,41,50,55,24
8/15/2022,2,20 24 47 50 63 05,20,24,47,50,63,5
8/13/2022,10,19 24 35 43 62 02,19,24,35,43,62,2
8/10/2022,2,29 44 59 61 68 19,29,44,59,61,68,19
8/8/2022,2,32 45 51 57 58 12,32,45,51,57,58,12
8/6/2022,2,08 15 46 56 68 03,8,15,46,56,68,3
8/3/2022,2,09 21 56 57 66 11,9,21,56,57,66,11
8/1/2022,3,15 21 31 36 65 16,15,21,31,36,65,16
7/30/2022,3,04 17 57 58 68 12,4,17,57,58,68,12
7/27/2022,2,01 25 44 55 57 26,1,25,44,55,57,26
7/25/2022,2,25 37 38 39 65 05,25,37,38,39,65,5
7/23/2022,3,39 41 54 59 62 12,39,41,54,59,62,12
7/20/2022,3,10 20 23 49 65 22,10,20,23,49,65,22
7/18/2022,3,14 34 36 50 58 05,14,34,36,50,58,5
7/16/2022,2,03 18 23 32 57 21,3,18,23,32,57,21
7/13/2022,2,22 23 36 47 63 02,22,23,36,47,63,2
7/11/2022,2,04 26 34 37 52 09,4,26,34,37,52,9
7/9/2022,3,14 22 42 46 52 24,14,22,42,46,52,24
7/6/2022,2,32 36 49 62 69 13,32,36,49,62,69,13
7/4/2022,2,15 16 24 31 56 04,15,16,24,31,56,4
7/2/2022,3,09 10 37 59 62 26,9,10,37,59,62,26
6/29/2022,3,08 40 49 58 63 14,8,40,49,58,63,14
6/27/2022,3,11 13 18 30 37 16,11,13,18,30,37,16
6/25/2022,3,06 12 20 27 32 04,6,12,20,27,32,4
6/22/2022,3,06 10 31 48 56 12,6,10,31,48,56,12
6/20/2022,2,03 44 61 63 69 13,3,44,61,63,69,13
6/18/2022,2,10 19 40 45 58 25,10,19,40,45,58,25
6/15/2022,2,19 28 41 42 51 07,19,28,41,42,51,7
6/13/2022,2,02 27 42 44 51 25,2,27,42,44,51,25
6/11/2022,2,18 20 26 53 69 05,18,20,26,53,69,5
6/8/2022,4,22 39 43 62 64 07,22,39,43,62,64,7
6/6/2022,2,02 10 35 44 46 04,2,10,35,44,46,4
6/4/2022,3,14 16 36 52 60 16,14,16,36,52,60,16
6/1/2022,2,11 41 56 57 63 02,11,41,56,57,63,2
5/30/2022,2,27 28 51 68 69 22,27,28,51,68,69,22
5/28/2022,2,02 39 50 61 66 15,2,39,50,61,66,15
5/25/2022,3,19 28 39 42 57 17,19,28,39,42,57,17
5/23/2022,2,01 33 37 39 42 26,1,33,37,39,42,26
5/21/2022,2,14 15 25 52 58 11,14,15,25,52,58,11
5/18/2022,3,40 41 58 64 65 17,40,41,58,64,65,17
5/16/2022,2,07 15 22 36 64 13,7,15,22,36,64,13
5/14/2022,3,06 40 41 45 52 09,6,40,41,45,52,9
5/11/2022,2,05 07 61 63 69 18,5,7,61,63,69,18
5/9/2022,2,18 30 35 52 56 05,18,30,35,52,56,5
5/7/2022,2,04 05 06 28 67 10,4,5,6,28,67,10
5/4/2022,2,37 39 55 63 69 23,37,39,55,63,69,23
5/2/2022,5,18 27 33 39 44 08,18,27,33,39,44,8
4/30/2022,3,14 21 37 44 63 01,14,21,37,44,63,1
4/27/2022,2,11 36 61 62 68 04,11,36,61,62,68,4
4/25/2022,2,12 18 20 39 61 10,12,18,20,39,61,10
4/23/2022,3,10 39 47 49 56 08,10,39,47,49,56,8
4/20/2022,2,20 30 45 55 56 14,20,30,45,55,56,14
4/18/2022,2,08 33 55 59 62 18,8,33,55,59,62,18
4/16/2022,5,15 21 32 62 65 26,15,21,32,62,65,26
4/13/2022,2,14 16 41 63 68 26,14,16,41,63,68,26
4/11/2022,2,05 07 24 31 34 04,5,7,24,31,34,4
4/6/2022,3,06 42 45 47 64 18,6,42,45,47,64,18
4/4/2022,2,02 32 39 46 69 06,2,32,39,46,69,6
4/2/2022,2,06 28 47 58 59 18,6,28,47,58,59,18
3/30/2022,3,03 07 21 31 37 11,3,7,21,31,37,11
3/28/2022,2,11 18 39 58 62 03,11,18,39,58,62,3
3/26/2022,3,02 10 50 59 61 06,2,10,50,59,61,6
3/23/2022,2,31 32 37 38 48 24,31,32,37,38,48,24
3/21/2022,2,01 15 26 63 65 16,1,15,26,63,65,16
3/19/2022,2,08 09 18 48 52 06,8,9,18,48,52,6
3/16/2022,2,03 28 34 35 58 17,3,28,34,35,58,17
3/14/2022,3,21 28 32 44 49 06,21,28,32,44,49,6
3/9/2022,2,13 22 34 51 67 10,13,22,34,51,67,10
3/7/2022,3,10 43 55 59 67 02,10,43,55,59,67,2
3/5/2022,2,08 23 37 52 63 13,8,23,37,52,63,13
3/2/2022,2,19 37 48 61 63 12,19,37,48,61,63,12
2/28/2022,2,07 21 39 47 55 19,7,21,39,47,55,19
2/26/2022,3,15 32 36 48 64 19,15,32,36,48,64,19
2/23/2022,2,06 17 21 35 64 18,6,17,21,35,64,18
2/21/2022,2,02 36 37 45 69 03,2,36,37,45,69,3
2/19/2022,2,03 10 15 33 42 11,3,10,15,33,42,11
2/16/2022,2,22 30 40 42 48 16,22,30,40,42,48,16
2/14/2022,3,16 25 27 49 55 17,16,25,27,49,55,17
2/12/2022,3,08 10 21 41 62 07,8,10,21,41,62,7
2/9/2022,2,02 17 33 51 63 26,2,17,33,51,63,26
2/7/2022,3,05 15 38 47 65 10,5,15,38,47,65,10
2/5/2022,2,05 16 27 39 61 24,5,16,27,39,61,24
2/2/2022,3,18 29 33 62 63 15,18,29,33,62,63,15
1/31/2022,3,10 15 51 61 69 14,10,15,51,61,69,14
1/29/2022,4,02 15 38 54 65 11,2,15,38,54,65,11
1/26/2022,3,04 11 38 49 69 16,4,11,38,49,69,16
1/24/2022,3,11 29 30 47 53 16,11,29,30,47,53,16
1/22/2022,2,08 14 33 36 67 17,8,14,33,36,67,17
1/19/2022,3,11 15 43 55 61 10,11,15,43,55,61,10
1/17/2022,2,09 24 35 46 65 22,9,24,35,46,65,22
1/15/2022,2,03 18 37 51 59 13,3,18,37,51,59,13
1/12/2022,4,12 21 22 30 33 24,12,21,22,30,33,24
1/10/2022,2,14 17 18 21 27 09,14,17,18,21,27,9
1/8/2022,10,20 21 36 60 65 13,20,21,36,60,65,13
1/5/2022,2,06 14 25 33 46 17,6,14,25,33,46,17
1/3/2022,2,02 13 32 33 48 22,2,13,32,33,48,22
1/1/2022,2,06 12 39 48 50 07,6,12,39,48,50,7
12/29/2021,2,02 06 09 33 39 11,2,6,9,33,39,11
12/27/2021,2,36 38 45 62 64 19,36,38,45,62,64,19
12/25/2021,3,27 29 45 55 58 02,27,29,45,55,58,2
12/22/2021,2,07 16 19 48 68 15,7,16,19,48,68,15
12/20/2021,4,02 13 23 34 66 02,2,13,23,34,66,2
12/18/2021,2,02 06 24 51 61 01,2,6,24,51,61,1
12/15/2021,3,19 20 40 42 59 15,19,20,40,42,59,15
12/13/2021,2,10 30 37 53 59 04,10,30,37,53,59,4
12/11/2021,2,03 25 44 53 64 10,3,25,44,53,64,10
12/8/2021,2,03 07 33 50 69 24,3,7,33,50,69,24
12/6/2021,3,03 21 38 50 59 06,3,21,38,50,59,6
12/4/2021,2,10 40 45 56 67 02,10,40,45,56,67,2
12/1/2021,2,12 15 38 57 63 24,12,15,38,57,63,24
11/29/2021,2,18 26 28 38 47 17,18,26,28,38,47,17
11/27/2021,2,08 32 55 64 66 10,8,32,55,64,66,10
11/24/2021,2,10 16 32 63 65 17,10,16,32,63,65,17
11/22/2021,2,07 20 29 38 67 22,7,20,29,38,67,22
11/20/2021,3,40 43 48 59 69 19,40,43,48,59,69,19
11/17/2021,3,03 16 48 52 60 01,3,16,48,52,60,1
11/15/2021,2,05 31 34 51 53 23,5,31,34,51,53,23
11/13/2021,3,08 15 26 35 45 09,8,15,26,35,45,9
11/10/2021,2,19 25 43 46 48 14,19,25,43,46,48,14
11/8/2021,3,21 46 47 57 62 08,21,46,47,57,62,8
11/6/2021,2,08 30 48 57 64 09,8,30,48,57,64,9
11/3/2021,2,01 02 24 50 57 26,1,2,24,50,57,26
11/1/2021,3,09 25 34 44 45 08,9,25,34,44,45,8
10/30/2021,2,05 23 28 43 56 19,5,23,28,43,56,19
10/27/2021,4,03 06 26 35 51 17,3,6,26,35,51,17
10/25/2021,2,10 27 29 44 58 24,10,27,29,44,58,24
10/23/2021,2,10 30 51 57 63 20,10,30,51,57,63,20
10/20/2021,2,07 29 36 41 43 05,7,29,36,41,43,5
10/18/2021,2,30 32 48 53 63 12,30,32,48,53,63,12
10/16/2021,3,30 31 41 42 48 03,30,31,41,42,48,3
10/13/2021,2,23 29 47 59 60 15,23,29,47,59,60,15
10/11/2021,3,11 20 33 39 65 24,11,20,33,39,65,24
10/9/2021,2,12 17 30 45 62 05,12,17,30,45,62,5
10/6/2021,10,01 17 52 58 64 01,1,17,52,58,64,1
10/4/2021,2,12 22 54 66 69 15,12,22,54,66,69,15
10/2/2021,2,28 38 42 47 52 01,28,38,42,47,52,1
9/29/2021,3,02 07 11 17 32 11,2,7,11,17,32,11
9/27/2021,2,21 22 39 44 60 12,21,22,39,44,60,12
9/25/2021,3,22 23 37 62 63 19,22,23,37,62,63,19
9/22/2021,3,20 40 47 55 63 05,20,40,47,55,63,5
9/20/2021,2,37 51 54 58 60 19,37,51,54,58,60,19
9/18/2021,2,05 36 39 45 57 11,5,36,39,45,57,11
9/15/2021,3,01 04 18 46 62 25,1,4,18,46,62,25
9/13/2021,3,37 40 50 61 63 21,37,40,50,61,63,21
9/11/2021,2,20 31 38 40 49 21,20,31,38,40,49,21
9/8/2021,2,09 22 41 47 61 21,9,22,41,47,61,21
9/6/2021,2,11 20 22 33 54 24,11,20,22,33,54,24
9/4/2021,5,32 35 40 52 54 01,32,35,40,52,54,1
9/1/2021,2,10 20 29 48 51 17,10,20,29,48,51,17
8/30/2021,2,03 15 45 51 61 08,3,15,45,51,61,8
8/28/2021,2,12 22 26 46 59 26,12,22,26,46,59,26
8/25/2021,3,27 39 54 56 59 24,27,39,54,56,59,24
8/23/2021,3,17 36 47 60 61 15,17,36,47,60,61,15
8/21/2021,2,16 28 36 39 59 04,16,28,36,39,59,4
8/18/2021,2,35 36 51 55 61 26,35,36,51,55,61,26
8/14/2021,2,06 21 49 65 67 18,6,21,49,65,67,18
8/11/2021,3,12 18 20 29 30 16,12,18,20,29,30,16
8/7/2021,2,07 24 36 54 60 23,7,24,36,54,60,23
8/4/2021,2,05 21 32 36 58 14,5,21,32,36,58,14
7/31/2021,2,01 21 22 34 47 04,1,21,22,34,47,4
7/28/2021,3,25 30 53 59 60 05,25,30,53,59,60,5
7/24/2021,2,01 04 11 59 67 10,1,4,11,59,67,10
7/21/2021,2,27 28 44 67 68 11,27,28,44,67,68,11
7/17/2021,2,15 22 38 54 66 03,15,22,38,54,66,3
7/14/2021,2,33 46 52 59 62 10,33,46,52,59,62,10
7/10/2021,2,01 05 29 54 62 03,1,5,29,54,62,3
7/7/2021,2,08 21 30 49 57 08,8,21,30,49,57,8
7/3/2021,2,26 40 41 55 65 24,26,40,41,55,65,24
6/30/2021,4,24 29 50 65 66 14,24,29,50,65,66,14
6/26/2021,3,08 31 39 43 60 17,8,31,39,43,60,17
6/23/2021,3,13 20 40 51 63 01,13,20,40,51,63,1
6/19/2021,2,04 22 35 38 39 20,4,22,35,38,39,20
6/16/2021,2,19 29 34 44 50 25,19,29,34,44,50,25
6/12/2021,3,08 25 34 38 41 10,8,25,34,38,41,10
6/9/2021,2,19 28 46 50 54 09,19,28,46,50,54,9
6/5/2021,3,44 52 54 64 69 26,44,52,54,64,69,26
6/2/2021,3,06 07 11 66 67 19,6,7,11,66,67,19
5/29/2021,2,11 13 22 27 46 20,11,13,22,27,46,20
5/26/2021,2,02 08 21 34 62 16,2,8,21,34,62,16
5/22/2021,2,03 19 27 37 40 08,3,19,27,37,40,8
5/19/2021,2,11 13 55 56 69 04,11,13,55,56,69,4
5/15/2021,3,04 10 37 39 69 24,4,10,37,39,69,24
5/12/2021,2,01 19 20 38 54 17,1,19,20,38,54,17
5/8/2021,3,12 17 20 21 26 08,12,17,20,21,26,8
5/5/2021,2,16 23 28 40 63 01,16,23,28,40,63,1
5/1/2021,3,35 36 47 61 63 03,35,36,47,61,63,3
4/24/2021,3,22 36 48 59 61 22,22,36,48,59,61,22
4/21/2021,2,21 25 32 63 67 06,21,25,32,63,67,6
4/17/2021,2,10 21 26 41 49 25,10,21,26,41,49,25
4/14/2021,2,13 30 33 45 61 14,13,30,33,45,61,14
4/10/2021,3,14 16 23 50 53 03,14,16,23,50,53,3
4/7/2021,5,27 35 39 51 66 16,27,35,39,51,66,16
4/3/2021,2,01 12 17 39 53 05,1,12,17,39,53,5
3/31/2021,2,03 10 44 55 68 24,3,10,44,55,68,24
3/27/2021,3,06 14 38 39 65 06,6,14,38,39,65,6
3/24/2021,2,04 09 17 27 38 18,4,9,17,27,38,18
3/20/2021,3,01 06 22 42 61 04,1,6,22,42,61,4
3/17/2021,2,34 38 42 61 62 19,34,38,42,61,62,19
3/13/2021,2,05 11 51 56 61 02,5,11,51,56,61,2
3/10/2021,3,17 18 37 44 53 18,17,18,37,44,53,18
3/6/2021,4,11 31 50 52 58 18,11,31,50,52,58,18
3/3/2021,3,21 40 44 50 55 16,21,40,44,50,55,16
2/27/2021,3,02 28 31 44 52 18,2,28,31,44,52,18
2/24/2021,3,04 33 43 53 65 21,4,33,43,53,65,21
2/20/2021,10,04 08 22 32 58 04,4,8,22,32,58,4
2/17/2021,3,01 15 21 32 46 01,1,15,21,32,46,1
2/13/2021,2,20 28 33 63 68 20,20,28,33,63,68,20
2/10/2021,2,15 39 58 63 67 07,15,39,58,63,67,7
2/6/2021,2,01 16 48 49 65 08,1,16,48,49,65,8
2/3/2021,3,05 37 40 64 66 05,5,37,40,64,66,5
1/30/2021,3,01 02 07 52 61 04,1,2,7,52,61,4
1/27/2021,3,17 33 35 42 52 09,17,33,35,42,52,9
1/23/2021,3,05 08 17 27 28 14,5,8,17,27,28,14
1/20/2021,3,40 53 60 68 69 22,40,53,60,68,69,22
1/16/2021,3,14 20 39 65 67 02,14,20,39,65,67,2
1/13/2021,2,04 19 23 25 49 14,4,19,23,25,49,14
1/9/2021,2,14 26 38 45 46 13,14,26,38,45,46,13
1/6/2021,3,01 20 22 60 66 03,1,20,22,60,66,3
1/2/2021,2,03 04 11 41 67 05,3,4,11,41,67,5
12/30/2020,2,03 43 45 61 65 14,3,43,45,61,65,14
12/26/2020,2,10 24 27 35 53 18,10,24,27,35,53,18
12/23/2020,3,06 13 38 39 53 06,6,13,38,39,53,6
12/19/2020,2,27 32 34 43 52 13,27,32,34,43,52,13
12/16/2020,2,04 23 37 61 67 07,4,23,37,61,67,7
12/12/2020,2,17 54 56 63 69 20,17,54,56,63,69,20
12/9/2020,3,11 14 31 47 48 04,11,14,31,47,48,4
12/5/2020,2,03 04 06 48 53 10,3,4,6,48,53,10
12/2/2020,3,28 31 40 41 46 04,28,31,40,41,46,4
11/28/2020,2,08 12 18 44 51 18,8,12,18,44,51,18
11/25/2020,2,02 57 58 60 65 26,2,57,58,60,65,26
11/21/2020,2,51 54 57 60 69 11,51,54,57,60,69,11
11/18/2020,2,04 05 17 43 52 05,4,5,17,43,52,5
11/14/2020,2,07 15 18 32 45 20,7,15,18,32,45,20
11/11/2020,2,13 15 17 45 63 13,13,15,17,45,63,13
11/7/2020,2,14 16 37 48 58 18,14,16,37,48,58,18
11/4/2020,2,23 32 33 45 49 14,23,32,33,45,49,14
10/31/2020,3,02 06 40 42 55 24,2,6,40,42,55,24
10/28/2020,2,11 28 37 40 53 13,11,28,37,40,53,13
10/24/2020,2,18 20 27 45 65 06,18,20,27,45,65,6
10/21/2020,3,01 03 13 44 56 26,1,3,13,44,56,26
10/17/2020,2,06 10 31 37 44 23,6,10,31,37,44,23
10/14/2020,2,21 37 52 53 58 05,21,37,52,53,58,5
10/10/2020,3,05 18 23 40 50 18,5,18,23,40,50,18
10/7/2020,2,06 24 30 53 56 19,6,24,30,53,56,19
10/3/2020,2,18 31 36 43 47 20,18,31,36,43,47,20
9/30/2020,2,14 18 36 49 67 18,14,18,36,49,67,18
9/26/2020,3,11 21 27 36 62 24,11,21,27,36,62,24
9/23/2020,2,08 17 49 52 59 01,8,17,49,52,59,1
9/19/2020,4,11 14 23 47 57 14,11,14,23,47,57,14
9/16/2020,2,10 17 31 51 53 01,10,17,31,51,53,1
9/12/2020,2,16 17 20 53 67 04,16,17,20,53,67,4
9/9/2020,3,27 52 55 60 64 21,27,52,55,60,64,21
9/5/2020,2,15 21 22 27 47 07,15,21,22,27,47,7
9/2/2020,2,01 04 11 20 69 18,1,4,11,20,69,18
8/29/2020,2,05 21 22 29 43 10,5,21,22,29,43,10
8/26/2020,2,08 12 19 47 58 02,8,12,19,47,58,2
8/22/2020,3,19 30 36 42 66 14,19,30,36,42,66,14
8/19/2020,10,13 23 47 55 58 23,13,23,47,55,58,23
8/15/2020,3,05 12 34 45 56 03,5,12,34,45,56,3
8/12/2020,2,02 06 18 36 37 21,2,6,18,36,37,21
8/8/2020,3,02 03 14 40 51 24,2,3,14,40,51,24
8/5/2020,5,07 14 17 57 65 24,7,14,17,57,65,24
8/1/2020,3,06 25 36 43 48 24,6,25,36,43,48,24
7/29/2020,2,07 29 35 40 45 26,7,29,35,40,45,26
7/25/2020,2,05 21 36 61 62 18,5,21,36,61,62,18
7/22/2020,3,16 25 36 44 55 14,16,25,36,44,55,14
7/18/2020,2,13 16 32 58 59 09,13,16,32,58,59,9
7/15/2020,10,27 47 61 62 69 04,27,47,61,62,69,4
7/11/2020,2,14 19 61 62 64 04,14,19,61,62,64,4
7/8/2020,10,03 10 34 36 62 05,3,10,34,36,62,5
7/4/2020,2,16 21 27 60 61 06,16,21,27,60,61,6
7/1/2020,4,15 28 52 53 63 18,15,28,52,53,63,18
6/27/2020,2,09 36 49 56 62 08,9,36,49,56,62,8
6/24/2020,3,15 22 27 33 46 23,15,22,27,33,46,23
6/20/2020,3,10 31 41 63 67 05,10,31,41,63,67,5
6/17/2020,3,07 10 63 64 68 10,7,10,63,64,68,10
6/13/2020,3,02 12 32 50 65 05,2,12,32,50,65,5
6/10/2020,5,10 33 41 52 54 18,10,33,41,52,54,18
6/6/2020,2,01 17 38 68 69 18,1,17,38,68,69,18
6/3/2020,2,01 03 26 41 64 17,1,3,26,41,64,17
5/30/2020,2,13 32 41 58 60 14,13,32,41,58,60,14
5/27/2020,3,38 58 59 64 68 21,38,58,59,64,68,21
5/23/2020,4,02 08 18 21 23 16,2,8,18,21,23,16
5/20/2020,2,18 34 40 42 50 09,18,34,40,42,50,9
5/16/2020,2,08 12 26 39 42 11,8,12,26,39,42,11
5/13/2020,3,39 53 54 56 57 20,39,53,54,56,57,20
5/9/2020,5,12 18 42 48 65 19,12,18,42,48,65,19
5/6/2020,4,07 08 35 50 65 20,7,8,35,50,65,20
5/2/2020,5,13 16 33 58 68 24,13,16,33,58,68,24
4/29/2020,2,02 20 49 61 67 20,2,20,49,61,67,20
4/25/2020,2,01 03 21 47 57 18,1,3,21,47,57,18
4/22/2020,5,01 33 35 40 69 24,1,33,35,40,69,24
4/18/2020,2,04 44 46 56 63 19,4,44,46,56,63,19
4/15/2020,3,10 12 33 36 41 02,10,12,33,36,41,2
4/11/2020,3,22 29 30 42 47 17,22,29,30,42,47,17
4/8/2020,3,02 37 39 48 54 05,2,37,39,48,54,5
4/4/2020,3,08 31 39 40 43 04,8,31,39,40,43,4
4/1/2020,2,33 35 45 48 60 16,33,35,45,48,60,16
3/28/2020,2,07 40 48 55 66 11,7,40,48,55,66,11
3/25/2020,2,05 09 27 39 42 16,5,9,27,39,42,16
3/21/2020,2,02 23 40 59 69 13,2,23,40,59,69,13
3/18/2020,4,15 27 44 59 63 08,15,27,44,59,63,8
3/14/2020,3,09 23 26 30 32 08,9,23,26,30,32,8
3/11/2020,4,04 29 49 50 67 02,4,29,49,50,67,2
3/7/2020,2,07 15 21 33 62 23,7,15,21,33,62,23
3/4/2020,2,18 43 58 60 68 14,18,43,58,60,68,14
2/29/2020,3,24 44 46 50 51 13,24,44,46,50,51,13
2/26/2020,3,08 27 29 36 47 24,8,27,29,36,47,24
2/22/2020,3,25 37 39 61 62 11,25,37,39,61,62,11
2/19/2020,2,10 12 15 19 56 19,10,12,15,19,56,19
2/15/2020,3,16 32 35 36 46 03,16,32,35,36,46,3
2/12/2020,2,14 47 54 55 68 25,14,47,54,55,68,25
2/8/2020,2,35 49 50 59 66 06,35,49,50,59,66,6
2/5/2020,3,23 30 35 41 57 02,23,30,35,41,57,2
2/1/2020,4,12 33 54 57 60 13,12,33,54,57,60,13
1/29/2020,2,09 12 15 31 60 02,9,12,15,31,60,2
1/25/2020,2,02 09 17 36 67 18,2,9,17,36,67,18
1/22/2020,3,11 33 44 59 67 08,11,33,44,59,67,8
1/18/2020,2,20 24 38 56 68 18,20,24,38,56,68,18
1/15/2020,2,39 41 53 55 68 19,39,41,53,55,68,19
1/11/2020,2,03 21 23 31 59 03,3,21,23,31,59,3
1/8/2020,4,02 04 07 43 56 22,2,4,7,43,56,22
1/4/2020,2,01 11 21 25 54 07,1,11,21,25,54,7
1/1/2020,2,49 53 57 59 62 26,49,53,57,59,62,26
12/28/2019,2,20 23 39 59 60 18,20,23,39,59,60,18
12/25/2019,2,02 04 16 30 46 20,2,4,16,30,46,20
12/21/2019,2,19 31 35 50 67 14,19,31,35,50,67,14
12/18/2019,2,14 18 26 39 68 09,14,18,26,39,68,9
12/14/2019,3,03 06 12 32 64 19,3,6,12,32,64,19
12/11/2019,4,24 29 42 44 63 10,24,29,42,44,63,10
12/7/2019,3,18 42 53 62 66 25,18,42,53,62,66,25
12/4/2019,3,08 27 44 51 61 14,8,27,44,51,61,14
11/30/2019,4,15 35 42 63 68 18,15,35,42,63,68,18
11/27/2019,2,15 26 37 53 55 21,15,26,37,53,55,21
11/23/2019,3,28 35 38 61 66 23,28,35,38,61,66,23
11/20/2019,2,07 15 39 40 57 12,7,15,39,40,57,12
11/16/2019,3,14 22 26 55 63 26,14,22,26,55,63,26
11/13/2019,2,23 26 27 28 66 11,23,26,27,28,66,11
11/9/2019,2,14 17 35 38 60 25,14,17,35,38,60,25
11/6/2019,3,15 28 46 62 64 17,15,28,46,62,64,17
11/2/2019,2,03 23 32 37 58 22,3,23,32,37,58,22
10/30/2019,2,19 22 52 56 67 21,19,22,52,56,67,21
10/26/2019,4,03 20 48 54 59 04,3,20,48,54,59,4
10/23/2019,2,05 12 50 61 69 23,5,12,50,61,69,23
10/19/2019,2,14 27 29 59 65 12,14,27,29,59,65,12
10/16/2019,2,01 05 25 63 67 03,1,5,25,63,67,3
10/12/2019,2,12 29 34 53 65 23,12,29,34,53,65,23
10/9/2019,2,05 18 33 43 65 02,5,18,33,43,65,2
10/5/2019,2,06 14 36 51 54 04,6,14,36,51,54,4
10/2/2019,2,04 08 10 43 53 07,4,8,10,43,53,7
9/28/2019,2,15 23 34 51 55 04,15,23,34,51,55,4
9/25/2019,3,37 43 44 45 53 25,37,43,44,45,53,25
9/21/2019,2,01 09 22 36 68 22,1,9,22,36,68,22
9/18/2019,3,14 19 39 47 51 15,14,19,39,47,51,15
9/14/2019,2,11 27 31 36 67 11,11,27,31,36,67,11
9/11/2019,3,06 17 24 53 57 03,6,17,24,53,57,3
9/7/2019,2,11 20 41 42 56 06,11,20,41,42,56,6
9/4/2019,10,04 08 30 52 59 02,4,8,30,52,59,2
8/31/2019,5,14 41 50 56 57 18,14,41,50,56,57,18
8/28/2019,10,09 32 37 41 56 14,9,32,37,41,56,14
8/24/2019,2,05 12 20 21 47 01,5,12,20,21,47,1
8/21/2019,2,12 21 22 29 32 21,12,21,22,29,32,21
8/17/2019,3,18 21 24 30 60 20,18,21,24,30,60,20
8/14/2019,2,10 13 30 51 69 10,10,13,30,51,69,10
8/10/2019,3,35 41 44 58 59 03,35,41,44,58,59,3
8/7/2019,3,08 32 47 53 59 03,8,32,47,53,59,3
8/3/2019,2,03 06 45 66 68 13,3,6,45,66,68,13
7/31/2019,2,14 37 47 55 67 06,14,37,47,55,67,6
7/27/2019,2,01 19 31 48 61 06,1,19,31,48,61,6
7/24/2019,2,22 29 35 53 56 13,22,29,35,53,56,13
7/20/2019,3,05 26 36 64 69 19,5,26,36,64,69,19
7/17/2019,2,19 43 47 60 68 10,19,43,47,60,68,10
7/13/2019,3,13 23 32 35 68 21,13,23,32,35,68,21
7/10/2019,3,07 09 26 44 68 03,7,9,26,44,68,3
7/6/2019,2,04 08 23 46 65 01,4,8,23,46,65,1
7/3/2019,3,40 43 45 50 61 25,40,43,45,50,61,25
6/29/2019,2,13 17 24 59 62 08,13,17,24,59,62,8
6/26/2019,3,01 05 16 22 54 24,1,5,16,22,54,24
6/22/2019,2,03 06 11 14 66 21,3,6,11,14,66,21
6/19/2019,3,04 18 21 26 38 01,4,18,21,26,38,1
6/15/2019,3,08 11 14 16 49 14,8,11,14,16,49,14
6/12/2019,2,05 35 38 42 57 13,5,35,38,42,57,13
6/8/2019,2,09 13 42 48 60 18,9,13,42,48,60,18
6/5/2019,3,17 23 28 34 38 08,17,23,28,34,38,8
6/1/2019,2,06 15 34 45 52 08,6,15,34,45,52,8
5/29/2019,2,03 32 34 42 61 07,3,32,34,42,61,7
5/25/2019,3,01 02 39 43 66 02,1,2,39,43,66,2
5/22/2019,2,07 10 20 44 57 03,7,10,20,44,57,3
5/18/2019,4,02 10 25 66 67 26,2,10,25,66,67,26
5/15/2019,2,07 17 33 61 68 04,7,17,33,61,68,4
5/11/2019,2,06 08 09 37 40 26,6,8,9,37,40,26
5/8/2019,3,01 45 53 64 66 03,1,45,53,64,66,3
5/4/2019,2,06 16 23 30 61 02,6,16,23,30,61,2
5/1/2019,5,05 23 28 56 66 17,5,23,28,56,66,17
4/27/2019,3,02 29 41 45 62 06,2,29,41,45,62,6
4/24/2019,5,06 32 35 36 65 04,6,32,35,36,65,4
4/20/2019,3,03 27 30 63 65 01,3,27,30,63,65,1
4/17/2019,3,01 15 17 46 66 15,1,15,17,46,66,15
4/13/2019,2,04 17 26 32 49 10,4,17,26,32,49,10
4/10/2019,4,12 21 23 39 67 06,12,21,23,39,67,6
4/6/2019,3,15 33 43 59 60 08,15,33,43,59,60,8
4/3/2019,2,16 19 25 32 49 18,16,19,25,32,49,18
3/30/2019,3,21 52 54 64 68 04,21,52,54,64,68,4
3/27/2019,3,16 20 37 44 62 12,16,20,37,44,62,12
3/23/2019,3,24 25 52 60 66 05,24,25,52,60,66,5
3/20/2019,2,10 14 50 53 63 21,10,14,50,53,63,21
3/16/2019,2,30 34 39 53 67 11,30,34,39,53,67,11
3/13/2019,3,18 36 45 47 69 14,18,36,45,47,69,14
3/9/2019,3,05 06 45 55 59 14,5,6,45,55,59,14
3/6/2019,2,06 10 21 35 46 23,6,10,21,35,46,23
3/2/2019,2,01 19 25 27 68 21,1,19,25,27,68,21
2/27/2019,5,21 31 42 49 59 23,21,31,42,49,59,23
2/23/2019,2,04 06 14 20 32 13,4,6,14,20,32,13
2/20/2019,2,27 49 50 51 52 02,27,49,50,51,52,2
2/16/2019,4,29 30 41 48 64 01,29,30,41,48,64,1
2/13/2019,2,02 08 14 24 69 26,2,8,14,24,69,26
2/9/2019,3,01 02 03 07 39 25,1,2,3,7,39,25
2/6/2019,5,05 13 28 38 63 21,5,13,28,38,63,21
2/2/2019,5,10 17 18 43 65 13,10,17,18,43,65,13
1/30/2019,2,02 12 16 29 54 06,2,12,16,29,54,6
1/26/2019,4,08 12 20 21 32 10,8,12,20,21,32,10
1/23/2019,3,23 25 47 48 50 24,23,25,47,48,50,24
1/19/2019,3,05 08 41 65 66 20,5,8,41,65,66,20
1/16/2019,2,14 29 31 56 61 01,14,29,31,56,61,1
1/12/2019,2,07 36 48 57 58 24,7,36,48,57,58,24
1/9/2019,3,06 19 37 49 59 22,6,19,37,49,59,22
1/5/2019,2,03 07 15 27 69 19,3,7,15,27,69,19
1/2/2019,2,08 12 42 46 56 12,8,12,42,46,56,12
12/29/2018,2,12 42 51 53 62 25,12,42,51,53,62,25
12/26/2018,2,05 25 38 52 67 24,5,25,38,52,67,24
12/22/2018,3,21 28 30 40 59 26,21,28,30,40,59,26
12/19/2018,2,15 29 31 37 43 16,15,29,31,37,43,16
12/15/2018,3,08 38 43 52 55 17,8,38,43,52,55,17
12/12/2018,2,04 09 21 29 64 26,4,9,21,29,64,26
12/8/2018,2,14 32 34 46 61 10,14,32,34,46,61,10
12/5/2018,5,09 11 36 37 38 11,9,11,36,37,38,11
12/1/2018,2,10 11 47 55 58 26,10,11,47,55,58,26
11/28/2018,2,04 19 59 68 69 21,4,19,59,68,69,21
11/24/2018,2,11 33 51 56 58 18,11,33,51,56,58,18
11/21/2018,2,07 14 23 38 55 18,7,14,23,38,55,18
11/17/2018,2,06 08 20 52 68 05,6,8,20,52,68,5
11/14/2018,5,07 42 49 62 69 23,7,42,49,62,69,23
11/10/2018,2,05 29 34 53 57 24,5,29,34,53,57,24
11/7/2018,2,26 28 34 42 50 25,26,28,34,42,50,25
11/3/2018,3,15 21 24 32 65 11,15,21,24,32,65,11
10/31/2018,3,07 25 39 40 47 20,7,25,39,40,47,20
10/27/2018,3,08 12 13 19 27 04,8,12,13,19,27,4
10/24/2018,2,03 21 45 53 56 22,3,21,45,53,56,22
10/20/2018,2,16 54 57 62 69 23,16,54,57,62,69,23
10/17/2018,3,03 57 64 68 69 15,3,57,64,68,69,15
10/13/2018,3,11 14 32 43 65 15,11,14,32,43,65,15
10/10/2018,3,08 23 27 42 60 07,8,23,27,42,60,7
10/6/2018,3,01 22 27 53 67 15,1,22,27,53,67,15
10/3/2018,3,41 53 59 63 66 03,41,53,59,63,66,3
9/29/2018,2,09 17 34 59 64 22,9,17,34,59,64,22
9/26/2018,5,01 02 07 30 50 08,1,2,7,30,50,8
9/22/2018,5,24 61 63 64 69 18,24,61,63,64,69,18
9/19/2018,3,04 39 48 50 51 11,4,39,48,50,51,11
9/15/2018,3,02 18 19 24 34 03,2,18,19,24,34,3
9/12/2018,2,06 28 48 63 64 24,6,28,48,63,64,24
9/8/2018,3,03 13 20 32 33 21,3,13,20,32,33,21
9/5/2018,2,06 15 50 59 60 13,6,15,50,59,60,13
9/1/2018,3,11 54 55 61 66 09,11,54,55,61,66,9
8/29/2018,2,25 41 53 57 67 12,25,41,53,57,67,12
8/25/2018,2,20 25 54 57 63 08,20,25,54,57,63,8
8/22/2018,2,01 07 45 47 69 13,1,7,45,47,69,13
8/18/2018,3,24 34 52 61 67 16,24,34,52,61,67,16
8/15/2018,2,12 15 28 47 48 16,12,15,28,47,48,16
8/11/2018,2,05 43 56 62 68 24,5,43,56,62,68,24
8/8/2018,2,10 21 30 43 63 17,10,21,30,43,63,17
8/4/2018,4,03 11 38 44 58 02,3,11,38,44,58,2
8/1/2018,2,05 22 32 38 58 26,5,22,32,38,58,26
7/28/2018,2,22 27 46 56 65 13,22,27,46,56,65,13
7/25/2018,2,02 18 41 44 64 26,2,18,41,44,64,26
7/21/2018,2,09 23 56 58 68 01,9,23,56,58,68,1
7/18/2018,2,01 10 27 28 36 12,1,10,27,28,36,12
7/14/2018,3,22 41 42 49 67 11,22,41,42,49,67,11
7/11/2018,4,19 21 27 46 47 07,19,21,27,46,47,7
7/7/2018,3,01 10 43 45 64 22,1,10,43,45,64,22
7/4/2018,2,04 07 15 41 44 10,4,7,15,41,44,10
6/30/2018,2,03 09 20 42 61 24,3,9,20,42,61,24
6/27/2018,2,07 28 37 62 63 15,7,28,37,62,63,15
6/23/2018,2,16 29 43 45 56 25,16,29,43,45,56,25
6/20/2018,2,04 14 23 27 56 13,4,14,23,27,56,13
6/16/2018,2,09 45 57 58 65 09,9,45,57,58,65,9
6/13/2018,2,13 20 38 45 55 01,13,20,38,45,55,1
6/9/2018,3,06 10 15 25 36 14,6,10,15,25,36,14
6/6/2018,3,23 28 41 53 56 14,23,28,41,53,56,14
6/2/2018,4,23 25 37 44 64 07,23,25,37,44,64,7
5/30/2018,2,17 23 26 46 68 20,17,23,26,46,68,20
5/26/2018,2,01 21 31 45 49 21,1,21,31,45,49,21
5/23/2018,4,20 54 56 61 64 07,20,54,56,61,64,7
5/19/2018,3,03 06 09 17 56 25,3,6,9,17,56,25
5/16/2018,2,17 19 21 22 51 19,17,19,21,22,51,19
5/12/2018,3,22 42 45 55 56 14,22,42,45,55,56,14
5/9/2018,2,11 16 38 50 69 19,11,16,38,50,69,19
5/5/2018,4,14 29 36 57 61 17,14,29,36,57,61,17
5/2/2018,2,05 14 31 40 50 06,5,14,31,40,50,6
4/28/2018,5,20 22 28 45 50 08,20,22,28,45,50,8
4/25/2018,3,17 18 39 56 64 12,17,18,39,56,64,12
4/21/2018,2,40 50 54 62 69 19,40,50,54,62,69,19
4/18/2018,2,09 10 12 17 23 09,9,10,12,17,23,9
4/14/2018,2,17 19 26 61 62 15,17,19,26,61,62,15
4/11/2018,3,16 18 27 55 67 18,16,18,27,55,67,18
4/7/2018,2,02 17 20 38 39 20,2,17,20,38,39,20
4/4/2018,4,08 24 42 54 64 24,8,24,42,54,64,24
3/31/2018,3,08 24 52 55 61 21,8,24,52,55,61,21
3/28/2018,2,06 08 26 52 53 21,6,8,26,52,53,21
3/24/2018,3,10 33 45 53 56 24,10,33,45,53,56,24
3/21/2018,2,03 04 18 29 61 25,3,4,18,29,61,25
3/17/2018,2,22 57 59 60 66 07,22,57,59,60,66,7
3/14/2018,3,06 12 24 41 68 09,6,12,24,41,68,9
3/10/2018,3,43 44 54 61 69 22,43,44,54,61,69,22
3/7/2018,2,06 13 19 36 51 18,6,13,19,36,51,18
3/3/2018,2,13 17 25 36 40 05,13,17,25,36,40,5
2/28/2018,5,12 30 59 65 69 16,12,30,59,65,69,16
2/24/2018,2,24 25 38 62 63 06,24,25,38,62,63,6
2/21/2018,3,07 15 31 34 36 08,7,15,31,34,36,8
2/17/2018,3,13 26 39 44 62 02,13,26,39,44,62,2
2/14/2018,2,37 39 44 46 69 26,37,39,44,46,69,26
2/10/2018,5,01 13 27 41 59 20,1,13,27,41,59,20
2/7/2018,2,23 34 35 40 47 10,23,34,35,40,47,10
2/3/2018,2,15 23 27 48 53 06,15,23,27,48,53,6
1/31/2018,10,04 07 14 46 59 22,4,7,14,46,59,22
1/27/2018,2,17 21 26 47 54 07,17,21,26,47,54,7
1/24/2018,3,05 09 11 33 64 21,5,9,11,33,64,21
1/20/2018,4,26 28 47 49 58 03,26,28,47,49,58,3
1/17/2018,2,03 33 37 51 57 21,3,33,37,51,57,21
1/13/2018,2,14 25 35 58 69 24,14,25,35,58,69,24
1/10/2018,5,07 24 33 49 50 04,7,24,33,49,50,4
1/6/2018,3,12 61 30 29 33 26,12,61,30,29,33,26
1/3/2018,3,02 18 37 39 42 12,2,18,37,39,42,12
12/30/2017,2,28 36 41 51 58 24,28,36,41,51,58,24
12/27/2017,3,03 09 16 56 60 03,3,9,16,56,60,3
12/23/2017,2,01 03 13 15 44 25,1,3,13,15,44,25
12/20/2017,2,01 20 61 64 69 20,1,20,61,64,69,20
12/16/2017,2,09 35 37 50 63 11,9,35,37,50,63,11
12/13/2017,3,02 24 28 51 58 07,2,24,28,51,58,7
12/9/2017,5,25 36 37 55 60 06,25,36,37,55,60,6
12/6/2017,2,19 20 50 55 62 09,19,20,50,55,62,9
12/2/2017,3,28 30 32 36 58 06,28,30,32,36,58,6
11/29/2017,3,24 26 28 59 63 16,24,26,28,59,63,16
11/25/2017,2,08 13 27 53 54 04,8,13,27,53,54,4
11/22/2017,2,35 37 46 51 61 13,35,37,46,51,61,13
11/18/2017,3,17 28 31 32 39 26,17,28,31,32,39,26
11/15/2017,2,23 32 44 48 50 25,23,32,44,48,50,25
11/11/2017,2,04 06 16 30 56 18,4,6,16,30,56,18
11/8/2017,2,12 14 20 21 34 22,12,14,20,21,34,22
11/4/2017,3,12 14 26 48 51 13,12,14,26,48,51,13
11/1/2017,2,03 06 19 26 44 01,3,6,19,26,44,1
10/28/2017,2,27 35 38 57 66 10,27,35,38,57,66,10
10/25/2017,3,18 22 29 54 57 08,18,22,29,54,57,8
10/21/2017,2,14 41 42 45 69 04,14,41,42,45,69,4
10/18/2017,2,30 49 54 66 69 08,30,49,54,66,69,8
10/14/2017,3,32 37 56 66 69 11,32,37,56,66,69,11
10/11/2017,2,01 03 13 19 69 23,1,3,13,19,69,23
10/7/2017,2,10 49 61 63 65 07,10,49,61,63,65,7
10/4/2017,2,22 23 62 63 66 24,22,23,62,63,66,24
9/30/2017,3,08 12 25 41 64 15,8,12,25,41,64,15
9/27/2017,3,08 10 21 23 25 22,8,10,21,23,25,22
9/23/2017,2,24 45 55 56 57 19,24,45,55,56,57,19
9/20/2017,3,39 48 53 67 68 26,39,48,53,67,68,26
9/16/2017,2,17 18 24 25 31 24,17,18,24,25,31,24
9/13/2017,3,17 24 35 57 63 19,17,24,35,57,63,19
9/9/2017,2,06 20 29 57 59 22,6,20,29,57,59,22
9/6/2017,3,08 14 32 58 67 17,8,14,32,58,67,17
9/2/2017,2,06 21 41 52 62 26,6,21,41,52,62,26
8/30/2017,2,19 28 43 67 69 07,19,28,43,67,69,7
8/26/2017,2,07 15 32 38 66 15,7,15,32,38,66,15
8/23/2017,4,06 07 16 23 26 04,6,7,16,23,26,4
8/19/2017,4,17 19 39 43 68 13,17,19,39,43,68,13
8/16/2017,3,09 15 43 60 64 04,9,15,43,60,64,4
8/12/2017,2,20 24 26 35 49 19,20,24,26,35,49,19
8/9/2017,4,12 30 36 47 62 09,12,30,36,47,62,9
8/5/2017,2,11 21 28 33 45 11,11,21,28,33,45,11
8/2/2017,3,01 16 54 63 69 18,1,16,54,63,69,18
7/29/2017,2,01 28 40 45 48 12,1,28,40,45,48,12
7/26/2017,2,07 19 21 42 69 12,7,19,21,42,69,12
7/22/2017,3,05 32 44 53 60 09,5,32,44,53,60,9
7/19/2017,5,50 51 59 61 63 04,50,51,59,61,63,4
7/15/2017,2,09 40 63 64 66 17,9,40,63,64,66,17
7/12/2017,2,01 02 18 23 61 09,1,2,18,23,61,9
7/8/2017,2,08 10 29 40 59 26,8,10,29,40,59,26
7/5/2017,2,04 09 16 54 68 21,4,9,16,54,68,21
7/1/2017,3,19 42 45 48 53 16,19,42,45,48,53,16
6/28/2017,2,29 37 46 53 68 08,29,37,46,53,68,8
6/24/2017,4,10 22 32 36 58 10,10,22,32,36,58,10
6/21/2017,2,14 46 61 65 68 13,14,46,61,65,68,13
6/17/2017,2,10 13 32 53 62 21,10,13,32,53,62,21
6/14/2017,2,05 22 43 57 63 24,5,22,43,57,63,24
6/7/2017,3,05 21 57 66 69 13,5,21,57,66,69,13
6/3/2017,4,03 09 21 41 54 25,3,9,21,41,54,25
5/31/2017,2,04 33 39 46 60 06,4,33,39,46,60,6
5/27/2017,3,05 10 28 55 67 09,5,10,28,55,67,9
5/24/2017,2,28 32 33 38 62 15,28,32,33,38,62,15
5/20/2017,2,05 22 45 47 54 03,5,22,45,47,54,3
5/17/2017,3,04 11 39 45 48 09,4,11,39,45,48,9
5/13/2017,5,17 20 32 63 68 19,17,20,32,63,68,19
5/10/2017,2,29 31 46 56 62 08,29,31,46,56,62,8
5/6/2017,3,11 21 31 41 59 21,11,21,31,41,59,21
5/3/2017,2,17 18 49 59 66 09,17,18,49,59,66,9
4/29/2017,2,22 23 24 45 62 05,22,23,24,45,62,5
4/26/2017,4,01 15 18 26 51 26,1,15,18,26,51,26
4/22/2017,3,21 39 41 48 63 06,21,39,41,48,63,6
4/19/2017,3,01 19 37 40 52 15,1,19,37,40,52,15
4/15/2017,3,05 22 26 45 61 13,5,22,26,45,61,13
4/12/2017,2,08 14 61 63 68 24,8,14,61,63,68,24
4/8/2017,2,23 36 51 53 60 15,23,36,51,53,60,15
4/5/2017,2,08 20 46 53 54 13,8,20,46,53,54,13
4/1/2017,3,09 32 36 44 65 01,9,32,36,44,65,1
3/29/2017,3,08 15 31 36 62 11,8,15,31,36,62,11
3/25/2017,4,18 31 32 45 48 16,18,31,32,45,48,16
3/22/2017,2,02 09 27 29 42 09,2,9,27,29,42,9
3/18/2017,3,13 25 44 54 67 05,13,25,44,54,67,5
3/15/2017,3,16 30 41 48 53 16,16,30,41,48,53,16
3/11/2017,2,01 26 41 50 57 11,1,26,41,50,57,11
3/8/2017,2,23 33 42 46 59 04,23,33,42,46,59,4
3/4/2017,3,02 18 19 22 63 19,2,18,19,22,63,19
3/1/2017,10,10 16 40 52 55 17,10,16,40,52,55,17
2/25/2017,2,06 32 47 62 65 19,6,32,47,62,65,19
2/22/2017,2,10 13 28 52 61 02,10,13,28,52,61,2
2/18/2017,3,03 07 09 31 33 20,3,7,9,31,33,20
2/15/2017,2,05 28 33 38 42 19,5,28,33,38,42,19
2/11/2017,2,05 09 17 37 64 02,5,9,17,37,64,2
2/8/2017,2,14 20 42 49 66 05,14,20,42,49,66,5
2/4/2017,3,06 13 16 17 52 25,6,13,16,17,52,25
2/1/2017,2,09 43 57 60 64 10,9,43,57,60,64,10
1/28/2017,2,12 20 39 49 69 17,12,20,39,49,69,17
1/25/2017,2,18 28 62 66 68 22,18,28,62,66,68,22
1/21/2017,2,23 25 45 52 67 02,23,25,45,52,67,2
1/18/2017,2,09 40 41 53 58 12,9,40,41,53,58,12
1/14/2017,5,23 55 59 64 69 13,23,55,59,64,69,13
1/11/2017,2,01 03 13 16 43 24,1,3,13,16,43,24
1/7/2017,2,03 12 24 37 63 10,3,12,24,37,63,10
1/4/2017,3,16 17 29 41 42 04,16,17,29,41,42,4
12/31/2016,2,01 03 28 57 67 09,1,3,28,57,67,9
12/28/2016,2,16 23 30 44 58 04,16,23,30,44,58,4
12/24/2016,2,28 38 42 51 52 21,28,38,42,51,52,21
12/21/2016,5,25 33 40 54 68 03,25,33,40,54,68,3
12/17/2016,2,01 08 16 40 48 10,1,8,16,40,48,10
12/14/2016,3,18 26 37 39 66 15,18,26,37,39,66,15
12/10/2016,2,12 21 32 44 66 15,12,21,32,44,66,15
12/7/2016,2,41 48 49 53 64 20,41,48,49,53,64,20
12/3/2016,2,08 10 26 27 33 22,8,10,26,27,33,22
11/30/2016,2,03 14 18 25 45 07,3,14,18,25,45,7
11/26/2016,2,17 19 21 37 44 16,17,19,21,37,44,16
11/23/2016,2,07 32 41 47 61 03,7,32,41,47,61,3
11/19/2016,2,16 24 28 43 61 21,16,24,28,43,61,21
11/16/2016,2,28 41 61 63 65 07,28,41,61,63,65,7
11/12/2016,2,08 17 20 27 52 24,8,17,20,27,52,24
11/9/2016,2,01 25 28 31 54 02,1,25,28,31,54,2
11/5/2016,3,21 31 50 51 69 08,21,31,50,51,69,8
11/2/2016,2,13 18 37 54 61 05,13,18,37,54,61,5
10/29/2016,3,19 20 21 42 48 23,19,20,21,42,48,23
10/26/2016,2,02 03 16 48 56 24,2,3,16,48,56,24
10/22/2016,2,01 28 33 55 56 22,1,28,33,55,56,22
10/19/2016,2,10 16 38 43 63 23,10,16,38,43,63,23
10/15/2016,2,23 49 57 64 67 20,23,49,57,64,67,20
10/12/2016,2,16 30 34 37 44 16,16,30,34,37,44,16
10/8/2016,2,03 54 61 64 68 09,3,54,61,64,68,9
10/5/2016,2,08 18 27 29 60 15,8,18,27,29,60,15
10/1/2016,2,02 12 50 61 64 01,2,12,50,61,64,1
9/28/2016,3,30 38 52 53 62 01,30,38,52,53,62,1
9/24/2016,2,07 15 20 29 41 22,7,15,20,29,41,22
9/21/2016,4,01 28 63 67 69 17,1,28,63,67,69,17
9/17/2016,4,09 19 51 55 62 14,9,19,51,55,62,14
9/14/2016,2,10 11 23 28 31 14,10,11,23,28,31,14
9/10/2016,2,03 17 49 55 68 08,3,17,49,55,68,8
9/7/2016,2,22 23 29 33 55 21,22,23,29,33,55,21
9/3/2016,3,07 39 50 59 67 25,7,39,50,59,67,25
8/31/2016,2,05 10 24 56 61 12,5,10,24,56,61,12
8/27/2016,2,04 32 48 49 63 20,4,32,48,49,63,20
8/24/2016,3,09 11 25 64 65 16,9,11,25,64,65,16
8/20/2016,2,03 06 21 60 68 24,3,6,21,60,68,24
8/17/2016,3,33 44 49 50 52 08,33,44,49,50,52,8
8/13/2016,2,38 44 60 64 69 06,38,44,60,64,69,6
8/10/2016,5,23 56 61 64 67 12,23,56,61,64,67,12
8/6/2016,3,20 33 36 47 52 12,20,33,36,47,52,12
8/3/2016,3,09 11 27 66 67 02,9,11,27,66,67,2
7/30/2016,2,11 17 21 23 32 05,11,17,21,23,32,5
7/27/2016,2,10 47 50 65 68 24,10,47,50,65,68,24
7/23/2016,2,05 07 23 35 39 11,5,7,23,35,39,11
7/20/2016,2,06 25 35 58 66 05,6,25,35,58,66,5
7/16/2016,2,11 17 40 50 62 26,11,17,40,50,62,26
7/13/2016,3,03 15 29 54 57 10,3,15,29,54,57,10
7/9/2016,3,10 28 32 61 64 12,10,28,32,61,64,12
7/6/2016,3,02 24 31 57 66 18,2,24,31,57,66,18
7/2/2016,2,10 34 39 59 63 04,10,34,39,59,63,4
6/29/2016,2,23 29 37 60 64 06,23,29,37,60,64,6
6/25/2016,2,03 27 36 56 69 25,3,27,36,56,69,25
6/22/2016,3,14 40 42 43 52 17,14,40,42,43,52,17
6/18/2016,2,02 23 41 53 63 11,2,23,41,53,63,11
6/15/2016,2,04 22 24 31 33 10,4,22,24,31,33,10
6/11/2016,2,20 27 36 41 58 07,20,27,36,41,58,7
6/8/2016,3,12 25 37 60 69 20,12,25,37,60,69,20
6/4/2016,2,16 20 22 43 64 17,16,20,22,43,64,17
6/1/2016,5,23 30 33 40 69 12,23,30,33,40,69,12
5/28/2016,2,06 33 34 58 59 12,6,33,34,58,59,12
5/25/2016,3,11 24 41 59 64 15,11,24,41,59,64,15
5/21/2016,4,05 07 09 23 32 26,5,7,9,23,32,26
5/18/2016,3,23 25 39 54 67 11,23,25,39,54,67,11
5/14/2016,3,13 27 47 64 65 09,13,27,47,64,65,9
5/11/2016,3,20 32 52 66 69 23,20,32,52,66,69,23
5/7/2016,2,05 25 26 44 66 09,5,25,26,44,66,9
5/4/2016,3,30 47 57 66 69 03,30,47,57,66,69,3
4/30/2016,3,03 12 16 32 34 14,3,12,16,32,34,14
4/27/2016,2,02 25 33 39 64 17,2,25,33,39,64,17
4/23/2016,5,19 35 46 59 62 13,19,35,46,59,62,13
4/20/2016,3,12 25 30 52 62 08,12,25,30,52,62,8
4/16/2016,2,03 18 25 32 51 03,3,18,25,32,51,3
4/13/2016,3,30 33 35 38 64 22,30,33,35,38,64,22
4/9/2016,3,14 22 23 41 61 09,14,22,23,41,61,9
4/6/2016,2,04 28 49 60 65 25,4,28,49,60,65,25
4/2/2016,2,09 28 30 40 61 03,9,28,30,40,61,3
3/30/2016,2,24 44 53 55 63 19,24,44,53,55,63,19
3/26/2016,3,11 23 42 52 68 06,11,23,42,52,68,6
3/23/2016,3,05 08 15 22 49 25,5,8,15,22,49,25
3/19/2016,3,11 23 43 54 60 03,11,23,43,54,60,3
3/16/2016,3,10 12 13 46 50 21,10,12,13,46,50,21
3/12/2016,2,11 28 50 57 62 23,11,28,50,57,62,23
3/9/2016,3,14 23 32 34 68 03,14,23,32,34,68,3
3/5/2016,2,03 27 34 59 69 19,3,27,34,59,69,19
3/2/2016,2,12 13 44 52 62 06,12,13,44,52,62,6
2/27/2016,3,10 11 21 22 53 18,10,11,21,22,53,18
2/24/2016,3,21 31 64 65 67 05,21,31,64,65,67,5
2/20/2016,5,11 12 15 16 54 25,11,12,15,16,54,25
2/17/2016,2,07 17 27 29 40 25,7,17,27,29,40,25
2/13/2016,2,07 15 18 19 36 20,7,15,18,19,36,20
2/10/2016,2,02 03 40 50 62 05,2,3,40,50,62,5
2/6/2016,3,04 13 31 36 52 08,4,13,31,36,52,8
2/3/2016,3,26 28 31 60 67 23,26,28,31,60,67,23
1/30/2016,4,05 12 16 31 43 18,5,12,16,31,43,18
1/27/2016,2,03 12 40 52 67 21,3,12,40,52,67,21
1/23/2016,4,22 32 34 40 69 19,22,32,34,40,69,19
1/20/2016,5,05 39 44 47 69 24,5,39,44,47,69,24
1/16/2016,2,03 51 52 61 64 06,3,51,52,61,64,6
1/13/2016,2,04 08 19 27 34 10,4,8,19,27,34,10
1/9/2016,3,16 19 32 34 57 13,16,19,32,34,57,13
1/6/2016,3,02 11 47 62 63 17,2,11,47,62,63,17
1/2/2016,2,05 06 15 29 42 10,5,6,15,29,42,10
12/30/2015,3,12 36 38 54 61 22,12,36,38,54,61,22
12/26/2015,2,27 40 44 59 65 20,27,40,44,59,65,20
12/23/2015,4,16 38 55 63 67 25,16,38,55,63,67,25
12/19/2015,2,28 30 41 59 68 10,28,30,41,59,68,10
12/16/2015,2,09 10 32 42 55 06,9,10,32,42,55,6
12/12/2015,2,02 14 19 30 62 22,2,14,19,30,62,22
12/9/2015,2,07 10 16 46 56 01,7,10,16,46,56,1
12/5/2015,2,13 27 33 47 68 13,13,27,33,47,68,13
12/2/2015,2,14 18 19 32 64 09,14,18,19,32,64,9
11/28/2015,3,02 06 47 66 67 02,2,6,47,66,67,2
11/25/2015,2,16 29 53 58 69 21,16,29,53,58,69,21
11/21/2015,3,37 47 50 52 57 21,37,47,50,52,57,21
11/18/2015,2,17 40 41 46 69 06,17,40,41,46,69,6
11/14/2015,3,14 22 37 45 66 05,14,22,37,45,66,5
11/11/2015,3,04 26 32 55 64 18,4,26,32,55,64,18
11/7/2015,2,07 16 25 50 53 15,7,16,25,50,53,15
11/4/2015,4,02 12 17 20 65 17,2,12,17,20,65,17
10/31/2015,2,09 20 25 47 68 07,9,20,25,47,68,7
10/28/2015,2,04 54 56 62 63 10,4,54,56,62,63,10
10/24/2015,3,20 31 56 60 64 02,20,31,56,60,64,2
10/21/2015,4,30 32 42 56 57 11,30,32,42,56,57,11
10/17/2015,3,48 49 57 62 69 19,48,49,57,62,69,19
10/14/2015,2,15 20 29 31 40 01,15,20,29,31,40,1
10/10/2015,2,12 27 29 43 68 01,12,27,29,43,68,1
10/7/2015,3,18 30 40 48 52 09,18,30,40,48,52,9
10/3/2015,2,06 26 33 44 46 04,6,26,33,44,46,4
9/30/2015,3,21 39 40 55 59 17,21,39,40,55,59,17
9/26/2015,3,23 31 42 50 57 05,23,31,42,50,57,5
9/23/2015,2,08 29 41 51 58 05,8,29,41,51,58,5
9/19/2015,2,12 17 26 43 48 24,12,17,26,43,48,24
9/16/2015,3,05 07 24 31 39 07,5,7,24,31,39,7
9/12/2015,3,02 03 13 16 35 27,2,3,13,16,35,27
9/9/2015,2,44 45 47 50 51 08,44,45,47,50,51,8
9/5/2015,2,10 16 18 29 45 19,10,16,18,29,45,19
9/2/2015,3,17 22 30 46 56 16,17,22,30,46,56,16
8/29/2015,2,18 21 25 28 29 16,18,21,25,28,29,16
8/26/2015,5,02 22 32 45 56 12,2,22,32,45,56,12
8/22/2015,4,04 12 14 21 55 07,4,12,14,21,55,7
8/19/2015,2,06 08 43 48 50 07,6,8,43,48,50,7
8/15/2015,4,03 13 17 42 52 24,3,13,17,42,52,24
8/12/2015,2,08 13 29 38 52 28,8,13,29,38,52,28
8/8/2015,4,09 34 48 52 54 15,9,34,48,52,54,15
8/5/2015,2,09 11 14 16 42 19,9,11,14,16,42,19
8/1/2015,3,07 13 24 49 57 15,7,13,24,49,57,15
7/29/2015,3,04 22 27 28 52 35,4,22,27,28,52,35
7/25/2015,3,27 29 34 41 44 02,27,29,34,41,44,2
7/22/2015,2,12 31 43 44 57 11,12,31,43,44,57,11
7/18/2015,3,06 37 39 45 55 33,6,37,39,45,55,33
7/15/2015,2,13 16 34 45 50 11,13,16,34,45,50,11
7/11/2015,2,11 39 46 52 54 03,11,39,46,52,54,3
7/8/2015,3,04 15 25 27 30 18,4,15,25,27,30,18
7/4/2015,3,03 06 14 18 24 21,3,6,14,18,24,21
7/1/2015,2,07 24 26 31 41 25,7,24,26,31,41,25
6/27/2015,5,18 28 35 46 49 27,18,28,35,46,49,27
6/24/2015,4,03 05 10 22 32 07,3,5,10,22,32,7
6/20/2015,2,09 10 16 20 57 15,9,10,16,20,57,15
6/17/2015,3,20 21 22 41 54 07,20,21,22,41,54,7
6/13/2015,2,29 41 48 52 54 29,29,41,48,52,54,29
6/10/2015,2,31 32 48 49 53 25,31,32,48,49,53,25
6/6/2015,4,08 13 18 27 43 15,8,13,18,27,43,15
6/3/2015,2,06 08 13 37 40 11,6,8,13,37,40,11
5/30/2015,2,08 09 25 56 57 22,8,9,25,56,57,22
5/27/2015,2,08 15 34 53 59 23,8,15,34,53,59,23
5/23/2015,4,09 15 17 31 43 16,9,15,17,31,43,16
5/20/2015,3,01 12 28 35 44 25,1,12,28,35,44,25
5/16/2015,2,24 29 38 48 52 32,24,29,38,48,52,32
5/13/2015,3,01 25 29 31 47 07,1,25,29,31,47,7
5/9/2015,3,04 15 17 35 58 17,4,15,17,35,58,17
5/6/2015,5,23 24 27 39 41 30,23,24,27,39,41,30
5/2/2015,3,02 06 11 30 31 33,2,6,11,30,31,33
4/29/2015,3,01 26 34 38 51 06,1,26,34,38,51,6
4/25/2015,2,21 33 35 38 45 12,21,33,35,38,45,12
4/22/2015,2,10 14 25 39 53 18,10,14,25,39,53,18
4/18/2015,3,13 22 23 29 31 17,13,22,23,29,31,17
4/15/2015,3,01 16 21 29 40 30,1,16,21,29,40,30
4/11/2015,2,01 12 32 42 58 12,1,12,32,42,58,12
4/8/2015,2,01 19 45 46 58 29,1,19,45,46,58,29
4/4/2015,3,33 39 40 41 54 28,33,39,40,41,54,28
4/1/2015,3,02 30 33 39 44 01,2,30,33,39,44,1
3/28/2015,3,02 04 06 12 38 17,2,4,6,12,38,17
3/25/2015,2,07 19 23 50 54 14,7,19,23,50,54,14
3/21/2015,4,11 16 30 38 42 07,11,16,30,38,42,7
3/18/2015,2,14 25 30 33 47 08,14,25,30,33,47,8
3/14/2015,2,08 14 39 46 47 18,8,14,39,46,47,18
3/11/2015,2,11 24 31 40 44 27,11,24,31,40,44,27
3/7/2015,4,34 36 38 42 50 33,34,36,38,42,50,33
3/4/2015,2,08 12 15 35 50 32,8,12,15,35,50,32
2/28/2015,2,11 17 25 28 46 12,11,17,25,28,46,12
2/25/2015,3,17 19 21 32 39 08,17,19,21,32,39,8
2/21/2015,2,10 14 18 34 51 26,10,14,18,34,51,26
2/18/2015,2,01 09 29 32 49 22,1,9,29,32,49,22
2/14/2015,2,01 24 44 45 51 28,1,24,44,45,51,28
2/11/2015,3,11 13 25 39 54 19,11,13,25,39,54,19
2/7/2015,5,05 10 21 34 58 33,5,10,21,34,58,33
2/4/2015,2,24 36 51 52 56 22,24,36,51,52,56,22
1/31/2015,2,05 11 16 26 50 34,5,11,16,26,50,34
1/28/2015,5,12 24 35 36 49 01,12,24,35,36,49,1
1/24/2015,2,16 19 20 29 33 10,16,19,20,29,33,10
1/21/2015,4,11 12 15 28 57 23,11,12,15,28,57,23
1/17/2015,2,15 16 23 27 36 09,15,16,23,27,36,9
1/14/2015,5,02 04 10 41 53 22,2,4,10,41,53,22
1/10/2015,5,02 09 19 28 29 19,2,9,19,28,29,19
1/7/2015,2,14 15 47 49 59 10,14,15,47,49,59,10
1/3/2015,3,04 18 43 46 55 25,4,18,43,46,55,25
12/31/2014,2,17 27 37 40 53 35,17,27,37,40,53,35
12/27/2014,2,07 10 11 14 36 15,7,10,11,14,36,15
12/24/2014,4,11 12 46 47 50 22,11,12,46,47,50,22
12/20/2014,5,14 15 19 31 56 05,14,15,19,31,56,5
12/17/2014,3,22 31 38 47 48 15,22,31,38,47,48,15
12/13/2014,3,05 13 28 43 55 33,5,13,28,43,55,33
12/10/2014,2,34 44 48 54 55 10,34,44,48,54,55,10
12/6/2014,2,12 15 22 43 49 14,12,15,22,43,49,14
12/3/2014,3,25 30 32 46 54 26,25,30,32,46,54,26
11/29/2014,2,13 24 30 42 48 27,13,24,30,42,48,27
11/26/2014,5,16 17 22 46 54 35,16,17,22,46,54,35
11/22/2014,2,23 49 53 54 57 35,23,49,53,54,57,35
11/19/2014,2,06 36 38 48 51 17,6,36,38,48,51,17
11/15/2014,2,13 16 33 35 51 28,13,16,33,35,51,28
11/12/2014,3,37 39 51 52 55 11,37,39,51,52,55,11
11/8/2014,3,09 19 33 38 54 15,9,19,33,38,54,15
11/5/2014,3,02 11 19 21 42 34,2,11,19,21,42,34
11/1/2014,2,01 03 13 25 38 17,1,3,13,25,38,17
10/29/2014,3,25 28 48 57 59 16,25,28,48,57,59,16
10/25/2014,2,06 10 51 54 57 12,6,10,51,54,57,12
10/22/2014,2,29 30 40 42 50 16,29,30,40,42,50,16
10/18/2014,2,20 26 27 36 54 19,20,26,27,36,54,19
10/15/2014,2,05 07 19 27 28 20,5,7,19,27,28,20
10/11/2014,2,10 19 37 38 39 28,10,19,37,38,39,28
10/8/2014,3,05 16 31 46 50 18,5,16,31,46,50,18
10/4/2014,2,13 18 24 25 33 31,13,18,24,25,33,31
10/1/2014,2,01 04 18 20 45 07,1,4,18,20,45,7
9/27/2014,3,02 11 35 52 54 13,2,11,35,52,54,13
9/24/2014,4,07 14 21 24 41 26,7,14,21,24,41,26
9/20/2014,4,22 23 30 37 39 16,22,23,30,37,39,16
9/17/2014,2,18 25 36 48 50 23,18,25,36,48,50,23
9/13/2014,3,01 06 16 37 53 27,1,6,16,37,53,27
9/10/2014,5,02 14 39 40 43 13,2,14,39,40,43,13
9/6/2014,2,09 29 31 43 50 18,9,29,31,43,50,18
9/3/2014,3,02 16 43 45 51 35,2,16,43,45,51,35
8/30/2014,2,05 28 31 52 59 27,5,28,31,52,59,27
8/27/2014,3,17 24 26 45 46 19,17,24,26,45,46,19
8/23/2014,3,28 32 35 36 52 31,28,32,35,36,52,31
8/20/2014,2,04 08 21 38 40 03,4,8,21,38,40,3
8/16/2014,2,07 08 17 48 59 09,7,8,17,48,59,9
8/13/2014,2,08 37 39 40 52 24,8,37,39,40,52,24
8/9/2014,2,03 12 31 34 51 24,3,12,31,34,51,24
8/6/2014,5,01 08 24 28 49 24,1,8,24,28,49,24
8/2/2014,2,12 26 44 46 47 29,12,26,44,46,47,29
7/30/2014,3,13 30 42 49 53 29,13,30,42,49,53,29
7/26/2014,2,24 28 30 38 39 16,24,28,30,38,39,16
7/23/2014,5,04 10 12 22 31 03,4,10,12,22,31,3
7/19/2014,2,10 17 25 45 53 09,10,17,25,45,53,9
7/16/2014,3,05 15 18 26 32 35,5,15,18,26,32,35
7/12/2014,2,02 03 07 23 51 26,2,3,7,23,51,26
7/9/2014,2,09 25 42 55 57 14,9,25,42,55,57,14
7/5/2014,4,24 34 36 57 58 11,24,34,36,57,58,11
7/2/2014,2,08 18 45 53 58 35,8,18,45,53,58,35
6/25/2014,4,10 20 25 50 53 35,10,20,25,50,53,35
6/21/2014,3,05 06 37 41 54 26,5,6,37,41,54,26
6/18/2014,3,06 09 29 52 59 07,6,9,29,52,59,7
6/14/2014,3,09 33 42 45 54 30,9,33,42,45,54,30
6/11/2014,5,14 18 25 33 49 23,14,18,25,33,49,23
6/7/2014,2,28 30 35 58 59 15,28,30,35,58,59,15
6/4/2014,3,01 07 10 22 49 24,1,7,10,22,49,24
5/31/2014,2,15 27 31 34 48 01,15,27,31,34,48,1
5/28/2014,3,02 24 28 32 59 25,2,24,28,32,59,25
5/24/2014,2,15 16 28 49 55 18,15,16,28,49,55,18
5/21/2014,5,04 20 34 39 58 31,4,20,34,39,58,31
5/17/2014,3,23 32 39 47 49 22,23,32,39,47,49,22
5/14/2014,3,07 33 39 52 55 33,7,33,39,52,55,33
5/10/2014,2,04 31 41 47 55 01,4,31,41,47,55,1
5/7/2014,2,17 29 31 48 49 34,17,29,31,48,49,34
5/3/2014,4,05 15 16 46 49 26,5,15,16,46,49,26
4/30/2014,3,02 09 11 19 50 32,2,9,11,19,50,32
4/26/2014,3,03 07 22 30 33 20,3,7,22,30,33,20
4/23/2014,4,19 25 29 36 48 12,19,25,29,36,48,12
4/19/2014,5,05 06 29 35 51 21,5,6,29,35,51,21
4/16/2014,3,34 39 42 44 59 08,34,39,42,44,59,8
4/12/2014,2,14 26 45 54 55 20,14,26,45,54,55,20
4/9/2014,2,09 14 44 48 49 29,9,14,44,48,49,29
4/5/2014,5,11 21 26 33 34 29,11,21,26,33,34,29
4/2/2014,2,08 13 19 22 53 24,8,13,19,22,53,24
3/29/2014,2,02 03 12 27 38 17,2,3,12,27,38,17
3/26/2014,2,28 33 41 44 59 21,28,33,41,44,59,21
3/22/2014,2,13 28 31 55 58 15,13,28,31,55,58,15
3/19/2014,2,02 19 23 34 43 14,2,19,23,34,43,14
3/15/2014,4,02 05 34 51 58 09,2,5,34,51,58,9
3/12/2014,2,14 15 28 37 54 10,14,15,28,37,54,10
3/8/2014,2,10 14 24 32 41 30,10,14,24,32,41,30
3/5/2014,2,03 07 09 26 54 19,3,7,9,26,54,19
3/1/2014,4,03 08 25 30 47 13,3,8,25,30,47,13
2/26/2014,2,11 12 17 38 42 02,11,12,17,38,42,2
2/22/2014,5,02 03 13 14 54 04,2,3,13,14,54,4
2/19/2014,3,01 17 35 49 54 34,1,17,35,49,54,34
2/15/2014,3,02 09 14 21 23 03,2,9,14,21,23,3
2/12/2014,2,36 44 49 52 57 01,36,44,49,52,57,1
2/8/2014,2,24 25 34 37 54 29,24,25,34,37,54,29
2/5/2014,3,08 17 32 57 59 24,8,17,32,57,59,24
2/1/2014,2,05 12 15 27 38 07,5,12,15,27,38,7
1/29/2014,2,11 23 28 32 47 20,11,23,28,32,47,20
1/25/2014,2,08 12 18 55 57 02,8,12,18,55,57,2
1/22/2014,3,01 02 07 09 55 29,1,2,7,9,55,29
1/18/2014,,13 14 19 31 38 25,13,14,19,31,38,25
1/15/2014,,07 08 09 24 29 25,7,8,9,24,29,25
1/11/2014,,10 15 33 48 54 34,10,15,33,48,54,34
1/8/2014,,10 28 39 47 58 22,10,28,39,47,58,22
1/4/2014,,19 20 37 41 58 14,19,20,37,41,58,14
1/1/2014,,15 24 40 48 52 23,15,24,40,48,52,23
12/28/2013,,08 35 44 51 56 18,8,35,44,51,56,18
12/25/2013,,23 28 38 39 56 32,23,28,38,39,56,32
12/21/2013,,25 36 40 45 51 08,25,36,40,45,51,8
12/18/2013,,07 24 37 39 40 01,7,24,37,39,40,1
12/14/2013,,14 25 32 33 41 34,14,25,32,33,41,34
12/11/2013,,01 10 13 18 19 27,1,10,13,18,19,27
12/7/2013,,13 20 32 45 48 17,13,20,32,45,48,17
12/4/2013,,06 09 11 31 44 25,6,9,11,31,44,25
11/30/2013,,05 26 44 45 57 29,5,26,44,45,57,29
11/27/2013,,18 25 50 55 57 17,18,25,50,55,57,17
11/23/2013,,05 12 43 52 55 10,5,12,43,52,55,10
11/20/2013,,04 18 23 32 45 07,4,18,23,32,45,7
11/16/2013,,10 29 37 44 59 10,10,29,37,44,59,10
11/13/2013,,05 31 50 55 56 09,5,31,50,55,56,9
11/9/2013,,03 09 37 49 56 32,3,9,37,49,56,32
11/6/2013,,01 05 10 15 49 22,1,5,10,15,49,22
11/2/2013,,13 23 24 27 40 17,13,23,24,27,40,17
10/30/2013,,02 36 40 49 54 10,2,36,40,49,54,10
10/26/2013,,04 06 34 49 56 29,4,6,34,49,56,29
10/23/2013,,03 23 31 34 47 13,3,23,31,34,47,13
10/19/2013,,09 33 54 56 57 05,9,33,54,56,57,5
10/16/2013,,03 26 28 34 42 28,3,26,28,34,42,28
10/12/2013,,08 10 26 57 58 04,8,10,26,57,58,4
10/9/2013,,03 09 19 33 38 18,3,9,19,33,38,18
10/5/2013,,11 12 17 39 40 05,11,12,17,39,40,5
10/2/2013,,04 06 25 42 51 17,4,6,25,42,51,17
9/28/2013,,14 47 52 53 54 05,14,47,52,53,54,5
9/25/2013,,02 07 17 49 53 23,2,7,17,49,53,23
9/21/2013,,12 17 45 54 58 13,12,17,45,54,58,13
9/18/2013,,07 10 22 32 35 19,7,10,22,32,35,19
9/14/2013,,01 17 25 37 44 20,1,17,25,37,44,20
9/11/2013,,11 19 33 42 52 33,11,19,33,42,52,33
9/7/2013,,02 19 22 26 45 24,2,19,22,26,45,24
9/4/2013,,02 09 26 45 47 11,2,9,26,45,47,11
8/31/2013,,02 07 25 40 56 20,2,7,25,40,56,20
8/28/2013,,06 07 09 19 32 13,6,7,9,19,32,13
8/24/2013,,12 17 25 45 59 19,12,17,25,45,59,19
8/21/2013,,30 40 42 46 48 23,30,40,42,46,48,23
8/17/2013,,18 21 46 54 56 23,18,21,46,54,56,23
8/14/2013,,04 11 17 43 51 20,4,11,17,43,51,20
8/10/2013,,04 12 14 37 58 13,4,12,14,37,58,13
8/7/2013,,05 25 30 58 59 32,5,25,30,58,59,32
8/3/2013,,21 24 36 42 45 15,21,24,36,42,45,15
7/31/2013,,08 24 39 49 59 05,8,24,39,49,59,5
7/27/2013,,09 23 40 53 58 06,9,23,40,53,58,6
7/24/2013,,09 29 40 44 54 07,9,29,40,44,54,7
7/20/2013,,14 25 27 38 58 06,14,25,27,38,58,6
7/17/2013,,01 22 34 38 42 17,1,22,34,38,42,17
7/13/2013,,02 08 22 35 37 06,2,8,22,35,37,6
7/10/2013,,30 31 45 55 59 27,30,31,45,55,59,27
7/6/2013,,02 13 35 36 52 11,2,13,35,36,52,11
7/3/2013,,03 06 29 40 51 04,3,6,29,40,51,4
6/29/2013,,08 28 30 53 56 16,8,28,30,53,56,16
6/26/2013,,01 18 33 39 46 33,1,18,33,39,46,33
6/22/2013,,13 19 23 33 57 28,13,19,23,33,57,28
6/19/2013,,07 46 47 52 57 17,7,46,47,52,57,17
6/15/2013,,28 36 40 48 55 01,28,36,40,48,55,1
6/12/2013,,16 22 23 42 55 32,16,22,23,42,55,32
6/8/2013,,02 11 22 26 32 19,2,11,22,26,32,19
6/5/2013,,04 26 33 36 55 32,4,26,33,36,55,32
6/1/2013,,22 28 33 53 59 14,22,28,33,53,59,14
5/29/2013,,09 14 17 49 57 02,9,14,17,49,57,2
5/25/2013,,02 06 19 21 27 25,2,6,19,21,27,25
5/22/2013,,09 31 35 41 57 26,9,31,35,41,57,26
5/18/2013,,10 13 14 22 52 11,10,13,14,22,52,11
5/15/2013,,02 11 26 34 41 32,2,11,26,34,41,32
5/11/2013,,06 13 19 23 43 16,6,13,19,23,43,16
5/8/2013,,21 22 26 30 57 27,21,22,26,30,57,27
5/4/2013,,07 12 26 36 40 17,7,12,26,36,40,17
5/1/2013,,22 26 31 54 55 18,22,26,31,54,55,18
4/27/2013,,03 23 48 54 55 05,3,23,48,54,55,5
4/24/2013,,09 19 31 56 59 02,9,19,31,56,59,2
4/20/2013,,06 08 30 39 48 20,6,8,30,39,48,20
4/17/2013,,13 18 36 48 58 28,13,18,36,48,58,28
4/13/2013,,10 12 31 56 57 33,10,12,31,56,57,33
4/10/2013,,01 36 40 52 53 20,1,36,40,52,53,20
4/6/2013,,04 07 08 29 39 24,4,7,8,29,39,24
4/3/2013,,01 06 08 12 35 03,1,6,8,12,35,3
3/30/2013,,11 23 26 46 55 27,11,23,26,46,55,27
3/27/2013,,07 37 43 48 52 16,7,37,43,48,52,16
3/23/2013,,17 29 31 52 53 31,17,29,31,52,53,31
3/20/2013,,13 14 17 43 54 15,13,14,17,43,54,15
3/16/2013,,03 07 21 44 53 16,3,7,21,44,53,16
3/13/2013,,05 09 28 32 38 29,5,9,28,32,38,29
3/9/2013,,10 37 40 46 52 12,10,37,40,46,52,12
3/6/2013,,06 10 23 41 45 01,6,10,23,41,45,1
3/2/2013,,03 08 13 41 56 16,3,8,13,41,56,16
2/27/2013,,03 14 20 34 48 21,3,14,20,34,48,21
2/23/2013,,02 05 31 39 41 29,2,5,31,39,41,29
2/20/2013,,03 17 19 25 32 17,3,17,19,25,32,17
2/16/2013,,15 16 46 50 58 29,15,16,46,50,58,29
2/13/2013,,12 23 25 27 43 29,12,23,25,27,43,29
2/9/2013,,05 06 16 36 58 03,5,6,16,36,58,3
2/6/2013,,05 27 36 38 41 12,5,27,36,38,41,12
2/2/2013,,11 16 33 40 41 34,11,16,33,40,41,34
1/30/2013,,14 16 32 47 52 16,14,16,32,47,52,16
1/26/2013,,03 22 26 41 49 18,3,22,26,41,49,18
1/23/2013,,11 12 24 43 45 09,11,12,24,43,45,9
1/19/2013,,08 28 29 34 38 35,8,28,29,34,38,35
1/16/2013,,09 21 28 32 51 35,9,21,28,32,51,35
1/12/2013,,10 14 21 23 47 07,10,14,21,23,47,7
1/9/2013,,11 13 20 27 59 26,11,13,20,27,59,26
1/5/2013,,26 30 49 51 54 25,26,30,49,51,54,25
1/2/2013,,18 20 28 35 53 20,18,20,28,35,53,20
12/29/2012,,36 46 50 52 55 14,36,46,50,52,55,14
12/26/2012,,11 13 23 43 54 04,11,13,23,43,54,4
12/22/2012,,01 18 35 39 44 11,1,18,35,39,44,11
12/19/2012,,05 08 20 23 30 03,5,8,20,23,30,3
12/15/2012,,15 23 40 44 55 14,15,23,40,44,55,14
12/12/2012,,08 10 25 36 44 28,8,10,25,36,44,28
12/8/2012,,07 23 26 40 53 21,7,23,26,40,53,21
12/5/2012,,13 17 19 27 38 12,13,17,19,27,38,12
12/1/2012,,03 10 19 36 46 03,3,10,19,36,46,3
11/28/2012,,05 16 22 23 29 06,5,16,22,23,29,6
11/24/2012,,22 32 37 44 50 34,22,32,37,44,50,34
11/21/2012,,08 18 24 30 39 26,8,18,24,30,39,26
11/17/2012,,03 15 27 58 59 20,3,15,27,58,59,20
11/14/2012,,08 10 30 44 58 13,8,10,30,44,58,13
11/10/2012,,32 42 50 54 55 32,32,42,50,54,55,32
11/7/2012,,32 34 45 52 58 20,32,34,45,52,58,20
11/3/2012,,04 07 09 30 54 25,4,7,9,30,54,25
10/31/2012,,01 27 31 45 48 05,1,27,31,45,48,5
10/27/2012,,22 32 34 36 56 33,22,32,34,36,56,33
10/24/2012,,03 18 21 23 50 04,3,18,21,23,50,4
10/20/2012,,04 21 28 31 44 10,4,21,28,31,44,10
10/17/2012,,01 07 10 23 42 35,1,7,10,23,42,35
10/13/2012,,02 05 25 26 49 18,2,5,25,26,49,18
10/10/2012,,18 26 29 35 43 28,18,26,29,35,43,28
10/6/2012,,15 26 34 36 59 35,15,26,34,36,59,35
10/3/2012,,17 23 36 55 59 10,17,23,36,55,59,10
9/29/2012,,14 18 28 29 57 08,14,18,28,29,57,8
9/26/2012,,13 26 39 41 42 10,13,26,39,41,42,10
9/22/2012,,02 16 18 40 42 33,2,16,18,40,42,33
9/19/2012,,01 05 08 39 50 23,1,5,8,39,50,23
9/15/2012,,03 20 26 43 48 01,3,20,26,43,48,1
9/12/2012,,24 33 36 48 56 06,24,33,36,48,56,6
9/8/2012,,06 20 34 44 48 29,6,20,34,44,48,29
9/5/2012,,04 19 26 42 51 29,4,19,26,42,51,29
9/1/2012,,08 11 21 44 49 22,8,11,21,44,49,22
8/29/2012,,25 28 49 54 56 28,25,28,49,54,56,28
8/25/2012,,01 06 07 20 49 23,1,6,7,20,49,23
8/22/2012,,22 29 31 47 55 19,22,29,31,47,55,19
8/18/2012,,14 26 41 55 59 01,14,26,41,55,59,1
8/15/2012,,06 27 46 51 56 21,6,27,46,51,56,21
8/11/2012,,04 13 39 46 51 01,4,13,39,46,51,1
8/8/2012,,03 07 11 15 28 12,3,7,11,15,28,12
8/4/2012,,19 30 48 53 55 18,19,30,48,53,55,18
8/1/2012,,03 16 48 56 58 04,3,16,48,56,58,4
7/28/2012,,05 06 13 36 50 13,5,6,13,36,50,13
7/25/2012,,03 14 35 38 46 16,3,14,35,38,46,16
7/21/2012,,09 31 38 54 56 20,9,31,38,54,56,20
7/18/2012,,02 05 20 23 57 03,2,5,20,23,57,3
7/14/2012,,04 16 32 37 46 13,4,16,32,37,46,13
7/11/2012,,05 22 36 49 55 23,5,22,36,49,55,23
7/7/2012,,03 05 29 39 59 29,3,5,29,39,59,29
7/4/2012,,14 19 35 39 56 33,14,19,35,39,56,33
6/30/2012,,07 15 20 41 44 22,7,15,20,41,44,22
6/27/2012,,06 34 40 46 58 06,6,34,40,46,58,6
6/23/2012,,01 03 41 44 53 30,1,3,41,44,53,30
6/20/2012,,11 17 29 56 57 14,11,17,29,56,57,14
6/16/2012,,08 14 15 16 27 26,8,14,15,16,27,26
6/13/2012,,07 10 14 33 57 18,7,10,14,33,57,18
6/9/2012,,18 22 45 56 57 27,18,22,45,56,57,27
6/6/2012,,19 30 33 48 59 27,19,30,33,48,59,27
6/2/2012,,09 10 17 29 45 33,9,10,17,29,45,33
5/30/2012,,09 10 24 52 56 14,9,10,24,52,56,14
5/26/2012,,13 14 41 49 59 14,13,14,41,49,59,14
5/23/2012,,04 07 26 53 59 32,4,7,26,53,59,32
5/19/2012,,08 13 35 46 51 30,8,13,35,46,51,30
5/16/2012,,03 07 21 28 43 02,3,7,21,28,43,2
5/12/2012,,10 24 35 53 58 22,10,24,35,53,58,22
5/9/2012,,01 07 11 55 56 01,1,7,11,55,56,1
5/5/2012,,09 12 20 44 59 23,9,12,20,44,59,23
5/2/2012,,07 08 33 38 50 29,7,8,33,38,50,29
4/28/2012,,31 39 40 57 58 33,31,39,40,57,58,33
4/25/2012,,04 25 29 34 43 29,4,25,29,34,43,29
4/21/2012,,06 08 20 42 51 16,6,8,20,42,51,16
4/18/2012,,20 22 39 46 49 29,20,22,39,46,49,29
4/14/2012,,14 15 16 19 24 02,14,15,16,19,24,2
4/11/2012,,16 23 42 44 47 02,16,23,42,44,47,2
4/7/2012,,05 13 17 20 30 18,5,13,17,20,30,18
4/4/2012,,01 24 33 45 49 06,1,24,33,45,49,6
3/31/2012,,05 14 36 54 58 27,5,14,36,54,58,27
3/28/2012,,11 16 29 50 58 33,11,16,29,50,58,33
3/24/2012,,01 15 35 37 47 08,1,15,35,37,47,8
3/21/2012,,32 43 53 55 56 06,32,43,53,55,56,6
3/17/2012,,11 14 49 55 58 30,11,14,49,55,58,30
3/14/2012,,01 08 41 46 59 24,1,8,41,46,59,24
3/10/2012,,05 14 17 20 41 05,5,14,17,20,41,5
3/7/2012,,12 35 45 46 47 12,12,35,45,46,47,12
3/3/2012,,29 30 45 47 49 35,29,30,45,47,49,35
2/29/2012,,01 04 11 23 26 14,1,4,11,23,26,14
2/25/2012,,06 11 42 53 54 07,6,11,42,53,54,7
2/22/2012,,07 16 17 39 51 32,7,16,17,39,51,32
2/18/2012,,23 28 50 56 59 05,23,28,50,56,59,5
2/15/2012,,11 12 32 52 56 11,11,12,32,52,56,11
2/11/2012,,01 10 37 52 57 11,1,10,37,52,57,11
2/8/2012,,17 28 38 39 51 33,17,28,38,39,51,33
2/4/2012,,15 23 43 45 56 07,15,23,43,45,56,7
2/1/2012,,08 13 17 34 59 35,8,13,17,34,59,35
1/28/2012,,05 33 41 54 59 13,5,33,41,54,59,13
1/25/2012,,04 19 28 29 47 05,4,19,28,29,47,5
1/21/2012,,12 24 43 44 45 07,12,24,43,44,45,7
1/18/2012,,06 29 34 44 50 28,6,29,34,44,50,28
1/14/2012,5,10 30 36 38 41 01,10,30,36,38,41,1
1/11/2012,2,05 19 29 45 47 25,5,19,29,45,47,25
1/7/2012,5,03 21 24 38 39 24,3,21,24,38,39,24
1/4/2012,4,21 35 46 47 50 02,21,35,46,47,50,2
12/31/2011,4,05 23 25 28 40 34,5,23,25,28,40,34
12/28/2011,2,16 21 27 41 45 14,16,21,27,41,45,14
12/24/2011,2,14 16 30 51 52 19,14,16,30,51,52,19
12/21/2011,5,10 13 15 31 54 18,10,13,15,31,54,18
12/17/2011,4,13 28 49 51 59 33,13,28,49,51,59,33
12/14/2011,5,02 24 46 52 56 19,2,24,46,52,56,19
12/10/2011,5,04 19 33 41 59 09,4,19,33,41,59,9
12/7/2011,2,03 14 20 39 40 37,3,14,20,39,40,37
12/3/2011,3,05 18 33 43 45 08,5,18,33,43,45,8
11/30/2011,2,02 06 34 35 47 22,2,6,34,35,47,22
11/26/2011,2,20 37 39 45 55 28,20,37,39,45,55,28
11/23/2011,2,04 30 35 57 59 25,4,30,35,57,59,25
11/19/2011,3,09 16 17 28 30 11,9,16,17,28,30,11
11/16/2011,2,13 22 25 39 51 28,13,22,25,39,51,28
11/12/2011,5,04 35 36 51 56 08,4,35,36,51,56,8
11/9/2011,3,05 35 57 58 59 12,5,35,57,58,59,12
11/5/2011,3,02 33 39 40 43 26,2,33,39,40,43,26
11/2/2011,4,12 14 34 39 46 36,12,14,34,39,46,36
10/29/2011,5,11 16 40 51 56 38,11,16,40,51,56,38
10/26/2011,3,01 18 21 39 55 06,1,18,21,39,55,6
10/22/2011,4,03 08 23 30 58 13,3,8,23,30,58,13
10/19/2011,5,16 26 35 52 58 02,16,26,35,52,58,2
10/15/2011,4,05 10 24 38 43 01,5,10,24,38,43,1
10/12/2011,3,10 12 23 43 47 18,10,12,23,43,47,18
10/8/2011,5,03 27 35 37 45 31,3,27,35,37,45,31
10/5/2011,4,07 20 43 46 54 17,7,20,43,46,54,17
10/1/2011,3,01 12 23 27 43 31,1,12,23,27,43,31
9/28/2011,2,30 41 50 51 53 08,30,41,50,51,53,8
9/24/2011,5,03 04 12 27 44 26,3,4,12,27,44,26
9/21/2011,4,12 47 48 52 55 13,12,47,48,52,55,13
9/17/2011,2,06 20 22 32 43 11,6,20,22,32,43,11
9/14/2011,3,16 41 42 50 59 05,16,41,42,50,59,5
9/10/2011,4,04 19 22 32 53 24,4,19,22,32,53,24
9/7/2011,4,03 05 18 27 54 13,3,5,18,27,54,13
9/3/2011,5,15 25 52 53 54 02,15,25,52,53,54,2
8/31/2011,5,13 19 35 47 57 29,13,19,35,47,57,29
8/27/2011,3,02 12 25 54 58 14,2,12,25,54,58,14
8/24/2011,5,09 13 47 49 53 39,9,13,47,49,53,39
8/20/2011,2,02 17 23 28 47 36,2,17,23,28,47,36
8/17/2011,4,18 28 31 48 52 37,18,28,31,48,52,37
8/13/2011,2,09 12 35 50 58 04,9,12,35,50,58,4
8/10/2011,4,11 18 36 41 46 38,11,18,36,41,46,38
8/6/2011,3,25 30 54 57 59 06,25,30,54,57,59,6
8/3/2011,2,13 19 21 28 49 11,13,19,21,28,49,11
7/30/2011,2,20 40 41 47 55 19,20,40,41,47,55,19
7/27/2011,2,38 40 41 51 59 33,38,40,41,51,59,33
7/23/2011,3,01 07 27 38 48 30,1,7,27,38,48,30
7/20/2011,4,01 04 38 40 42 17,1,4,38,40,42,17
7/16/2011,3,24 28 48 50 54 25,24,28,48,50,54,25
7/13/2011,4,08 18 19 32 54 08,8,18,19,32,54,8
7/9/2011,3,01 09 11 23 31 06,1,9,11,23,31,6
7/6/2011,2,11 15 24 50 55 08,11,15,24,50,55,8
7/2/2011,3,01 11 18 29 51 32,1,11,18,29,51,32
6/29/2011,3,24 30 45 57 59 26,24,30,45,57,59,26
6/25/2011,4,18 36 39 41 57 12,18,36,39,41,57,12
6/22/2011,4,12 15 19 46 59 12,12,15,19,46,59,12
6/18/2011,2,12 21 22 38 41 18,12,21,22,38,41,18
6/15/2011,4,19 20 38 41 43 29,19,20,38,41,43,29
6/11/2011,3,16 18 27 36 50 08,16,18,27,36,50,8
6/8/2011,5,14 37 44 45 53 29,14,37,44,45,53,29
6/4/2011,5,17 19 39 41 58 21,17,19,39,41,58,21
6/1/2011,4,08 18 38 46 56 31,8,18,38,46,56,31
5/28/2011,4,12 20 43 51 55 11,12,20,43,51,55,11
5/25/2011,2,04 23 31 42 50 23,4,23,31,42,50,23
5/21/2011,3,02 08 40 49 50 36,2,8,40,49,50,36
5/18/2011,4,07 12 13 42 49 16,7,12,13,42,49,16
5/14/2011,2,08 17 18 40 44 16,8,17,18,40,44,16
5/11/2011,3,09 17 32 43 45 31,9,17,32,43,45,31
5/7/2011,4,02 11 27 47 55 15,2,11,27,47,55,15
5/4/2011,4,03 15 27 29 41 24,3,15,27,29,41,24
4/30/2011,2,06 13 15 32 41 03,6,13,15,32,41,3
4/27/2011,2,04 24 40 44 55 05,4,24,40,44,55,5
4/23/2011,3,03 11 47 48 58 19,3,11,47,48,58,19
4/20/2011,3,09 24 34 36 43 27,9,24,34,36,43,27
4/16/2011,5,21 33 44 45 55 07,21,33,44,45,55,7
4/13/2011,3,04 23 39 49 50 39,4,23,39,49,50,39
4/9/2011,4,05 14 32 53 56 11,5,14,32,53,56,11
4/6/2011,2,10 18 41 55 56 15,10,18,41,55,56,15
4/2/2011,2,06 22 34 43 45 23,6,22,34,43,45,23
3/30/2011,4,19 20 42 56 58 37,19,20,42,56,58,37
3/26/2011,4,04 10 11 19 33 27,4,10,11,19,33,27
3/23/2011,2,05 15 26 28 32 09,5,15,26,28,32,9
3/19/2011,2,03 11 20 27 46 08,3,11,20,27,46,8
3/16/2011,3,28 39 40 48 53 09,28,39,40,48,53,9
3/12/2011,4,01 04 12 41 47 03,1,4,12,41,47,3
3/9/2011,2,12 20 28 40 48 08,12,20,28,40,48,8
3/5/2011,2,02 23 31 42 48 21,2,23,31,42,48,21
3/2/2011,2,07 31 50 51 58 06,7,31,50,51,58,6
2/26/2011,5,04 13 17 21 45 10,4,13,17,21,45,10
2/23/2011,3,29 32 36 39 49 29,29,32,36,39,49,29
2/19/2011,5,03 12 34 37 42 36,3,12,34,37,42,36
2/16/2011,2,09 13 21 23 48 24,9,13,21,23,48,24
2/12/2011,4,11 32 36 48 52 19,11,32,36,48,52,19
2/9/2011,4,07 11 39 42 51 30,7,11,39,42,51,30
2/5/2011,5,15 37 41 56 59 05,15,37,41,56,59,5
2/2/2011,4,03 14 33 53 57 36,3,14,33,53,57,36
1/29/2011,4,24 28 45 49 52 02,24,28,45,49,52,2
1/26/2011,3,04 05 36 47 58 06,4,5,36,47,58,6
1/22/2011,2,30 31 34 45 51 23,30,31,34,45,51,23
1/19/2011,3,22 36 51 56 59 32,22,36,51,56,59,32
1/15/2011,3,09 13 22 23 37 31,9,13,22,23,37,31
1/12/2011,4,19 21 23 40 48 27,19,21,23,40,48,27
1/8/2011,2,06 07 26 33 52 24,6,7,26,33,52,24
1/5/2011,5,22 26 32 38 40 07,22,26,32,38,40,7
1/1/2011,2,18 22 37 47 54 36,18,22,37,47,54,36
12/29/2010,2,03 16 18 20 37 30,3,16,18,20,37,30
12/25/2010,2,01 17 38 50 52 24,1,17,38,50,52,24
12/22/2010,2,11 33 44 46 47 12,11,33,44,46,47,12
12/18/2010,4,04 11 19 33 43 14,4,11,19,33,43,14
12/15/2010,5,10 11 18 32 45 18,10,11,18,32,45,18
12/11/2010,2,01 08 10 19 20 23,1,8,10,19,20,23
12/8/2010,4,08 11 25 41 58 16,8,11,25,41,58,16
12/4/2010,5,13 24 27 31 42 22,13,24,27,31,42,22
12/1/2010,3,05 10 11 12 20 02,5,10,11,12,20,2
11/27/2010,5,10 30 37 47 54 39,10,30,37,47,54,39
11/24/2010,3,08 20 21 32 37 04,8,20,21,32,37,4
11/20/2010,5,10 12 38 53 57 01,10,12,38,53,57,1
11/17/2010,3,14 16 53 54 59 05,14,16,53,54,59,5
11/13/2010,5,17 30 48 51 54 29,17,30,48,51,54,29
11/10/2010,4,05 08 11 40 44 10,5,8,11,40,44,10
11/6/2010,4,07 12 23 34 38 33,7,12,23,34,38,33
11/3/2010,2,34 38 39 45 50 33,34,38,39,45,50,33
10/30/2010,5,01 07 27 36 49 39,1,7,27,36,49,39
10/27/2010,5,20 24 25 53 59 15,20,24,25,53,59,15
10/23/2010,4,02 07 16 20 46 34,2,7,16,20,46,34
10/20/2010,3,07 17 20 39 59 17,7,17,20,39,59,17
10/16/2010,2,11 12 15 16 28 11,11,12,15,16,28,11
10/13/2010,4,12 22 32 34 46 02,12,22,32,34,46,2
10/9/2010,3,02 06 32 42 49 35,2,6,32,42,49,35
10/6/2010,5,14 26 37 41 46 24,14,26,37,41,46,24
10/2/2010,4,12 20 30 36 47 25,12,20,30,36,47,25
9/29/2010,4,13 44 51 52 55 30,13,44,51,52,55,30
9/25/2010,2,08 16 27 35 42 30,8,16,27,35,42,30
9/22/2010,5,10 24 36 52 55 15,10,24,36,52,55,15
9/18/2010,4,01 18 37 39 44 13,1,18,37,39,44,13
9/15/2010,5,07 20 21 34 43 34,7,20,21,34,43,34
9/11/2010,4,07 17 20 36 59 33,7,17,20,36,59,33
9/8/2010,5,10 35 39 51 57 20,10,35,39,51,57,20
9/4/2010,2,11 14 22 33 42 38,11,14,22,33,42,38
9/1/2010,3,17 20 21 40 51 19,17,20,21,40,51,19
8/28/2010,4,04 22 27 32 56 13,4,22,27,32,56,13
8/25/2010,3,16 17 29 31 36 23,16,17,29,31,36,23
8/21/2010,2,07 10 12 22 27 26,7,10,12,22,27,26
8/18/2010,3,04 32 33 47 55 39,4,32,33,47,55,39
8/14/2010,2,09 33 36 50 58 31,9,33,36,50,58,31
8/11/2010,2,07 10 22 23 52 29,7,10,22,23,52,29
8/7/2010,5,04 22 26 31 52 30,4,22,26,31,52,30
8/4/2010,4,19 28 30 37 53 36,19,28,30,37,53,36
7/31/2010,3,01 16 17 41 57 15,1,16,17,41,57,15
7/28/2010,5,01 11 20 25 27 02,1,11,20,25,27,2
7/24/2010,2,20 30 38 46 59 27,20,30,38,46,59,27
7/21/2010,3,16 22 30 51 58 25,16,22,30,51,58,25
7/17/2010,4,22 27 35 37 45 03,22,27,35,37,45,3
7/14/2010,3,20 21 23 38 42 06,20,21,23,38,42,6
7/10/2010,4,20 21 27 28 56 04,20,21,27,28,56,4
7/7/2010,2,10 41 44 48 56 04,10,41,44,48,56,4
7/3/2010,3,03 10 14 52 53 03,3,10,14,52,53,3
6/30/2010,5,06 38 43 47 48 27,6,38,43,47,48,27
6/26/2010,4,13 30 32 38 57 25,13,30,32,38,57,25
6/23/2010,3,11 30 45 47 48 10,11,30,45,47,48,10
6/19/2010,3,09 30 31 50 54 39,9,30,31,50,54,39
6/16/2010,5,08 11 18 29 36 06,8,11,18,29,36,6
6/12/2010,10,09 12 13 35 38 30,9,12,13,35,38,30
6/9/2010,4,14 22 27 32 49 05,14,22,27,32,49,5
6/5/2010,4,18 34 40 48 59 25,18,34,40,48,59,25
6/2/2010,4,04 09 14 39 43 38,4,9,14,39,43,38
5/29/2010,4,01 03 24 28 41 10,1,3,24,28,41,10
5/26/2010,4,01 06 10 13 20 32,1,6,10,13,20,32
5/22/2010,2,19 20 40 47 57 29,19,20,40,47,57,29
5/19/2010,3,02 07 29 55 58 27,2,7,29,55,58,27
5/15/2010,2,15 21 23 28 36 20,15,21,23,28,36,20
5/12/2010,2,37 51 52 53 58 38,37,51,52,53,58,38
5/8/2010,5,05 22 34 41 57 31,5,22,34,41,57,31
5/5/2010,4,13 34 40 47 57 11,13,34,40,47,57,11
5/1/2010,4,16 23 25 49 58 20,16,23,25,49,58,20
4/28/2010,4,12 22 25 28 44 24,12,22,25,28,44,24
4/24/2010,2,01 12 53 56 57 05,1,12,53,56,57,5
4/21/2010,2,11 34 41 49 55 20,11,34,41,49,55,20
4/17/2010,5,05 21 22 41 49 15,5,21,22,41,49,15
4/14/2010,3,06 14 32 38 52 20,6,14,32,38,52,20
4/10/2010,2,21 22 49 52 58 34,21,22,49,52,58,34
4/7/2010,2,04 36 40 44 52 33,4,36,40,44,52,33
4/3/2010,4,10 15 31 52 59 04,10,15,31,52,59,4
3/31/2010,5,05 13 17 45 54 12,5,13,17,45,54,12
3/27/2010,4,07 21 32 44 52 10,7,21,32,44,52,10
3/24/2010,3,14 20 24 39 49 07,14,20,24,39,49,7
3/20/2010,2,09 36 39 44 45 09,9,36,39,44,45,9
3/17/2010,2,24 26 45 48 55 08,24,26,45,48,55,8
3/13/2010,5,06 16 20 31 36 08,6,16,20,31,36,8
3/10/2010,2,17 21 37 41 50 01,17,21,37,41,50,1
3/6/2010,2,10 29 33 41 59 15,10,29,33,41,59,15
3/3/2010,4,07 09 14 45 49 23,7,9,14,45,49,23
2/27/2010,2,18 47 51 53 58 30,18,47,51,53,58,30
2/24/2010,2,04 17 35 50 57 12,4,17,35,50,57,12
2/20/2010,2,13 27 37 41 54 32,13,27,37,41,54,32
2/17/2010,3,07 08 19 26 36 15,7,8,19,26,36,15
2/13/2010,4,10 14 30 40 51 01,10,14,30,40,51,1
2/10/2010,5,05 08 29 37 38 34,5,8,29,37,38,34
2/6/2010,3,14 22 52 54 59 04,14,22,52,54,59,4
2/3/2010,2,17 22 36 37 52 24,17,22,36,37,52,24
